,date,上海,云南,内蒙古,北京,吉林,四川,天津,宁夏,安徽,山东,山西,广东,广西,新疆,江苏,江西,河北,河南,浙江,海南,湖北,湖南,甘肃,福建,西藏,贵州,辽宁,重庆,陕西,青海,黑龙江
0,2010-01-01,0.0,33895212.94391396,93020388.87958404,1926370.5543191496,20077961.19495204,103285192.39914924,21.417212009053074,33518985.33039249,60417131.491248265,31082292.989676893,334210945.8962348,17364.534685836083,2243136.735409808,15311193.552795924,5837227.788310777,12368338.520331427,45553779.31914622,82077102.0631453,30992.918778913892,202.34846470703044,571584.9944232093,47972255.48876974,9211754.13340862,5539983.6334011955,0.0,165758401.5200061,11480037.903271163,24986302.372147713,88362726.89533408,2433131.191472295,26174435.84189651
1,2010-02-01,0.0,25824924.102242928,70872677.11671697,1488559.0653220566,15297494.216820255,78693479.78451091,19.470192720634646,25538274.49244588,46032100.102704026,23681746.998028826,254636910.71038997,16537.65207851988,1709056.5573010403,11665671.257766902,4447411.640400866,9423495.998887306,34707641.32486462,62534934.79507298,23613.65236137701,175.95518665242162,435493.32831705234,36550289.83180738,7018479.327374008,4220939.903725922,0.0,126292115.22129948,8746695.529938616,29150686.04670202,67323982.27782658,1853814.2378555045,19942427.27297498
2,2010-03-01,0.0,48094119.205760285,91867884.75386742,1517746.4976183139,11933603.863022711,125502532.54045525,19.470192720634646,30031754.640133016,58444111.76547039,28057744.319224533,360298313.8194277,19712.401927332772,2500367.1851844145,14091975.3907932,5475134.8227722505,19319651.611576267,45889811.72282971,73687367.83236158,23445.984139972643,1290.8072494546716,2556429.5884945104,58656417.98612556,10053553.37436426,10597574.126023727,0.0,182359064.71446687,11811932.165150402,36696654.807967156,88638256.56066439,2109102.1609302224,26828873.52944044
3,2010-04-01,0.0,31472647.409578625,81959480.64704001,1011830.9984122092,16139903.838503988,102699170.60118504,19.470192720634646,31828628.67125385,51192009.351030424,26759442.5255329,328028357.01042837,21081.591692308695,2681845.4486252186,12030091.755267246,5553444.260046706,9888731.630569844,42305174.77614842,76949015.58719836,23445.984139972643,2405.6593122569207,3873378.164385622,56587127.79936946,8274198.15710034,10272210.00811949,0.0,188180722.39976683,10067351.398210844,38307058.893844314,87590712.2520248,1671658.7497743245,25090491.36395586
4,2010-05-01,0.0,27410622.35017096,84143317.42639999,1011830.9984122092,17652281.357778154,94126899.40534145,19.470192720634646,32854843.395693984,56634053.47054061,27104897.096368972,322669239.18321943,22444.230310083774,2681845.4486252186,12448849.5535849,5918888.300660824,12635601.527950354,43930640.7789979,78510540.9995707,23445.984139972643,3520.511375059171,4105780.8542487603,51811842.75300917,8655207.993909612,9830644.419535168,0.0,192606451.26679334,10371452.632814987,36867974.39157111,90463735.9188835,1315454.8292616648,24972072.9603125
5,2010-06-01,0.0,30790278.699123453,80541281.50534494,1011830.9984122092,19282813.37074562,99729691.03661175,19.470192720634646,32826892.021876547,56521295.74069254,27457944.075355288,347366067.97040766,30698.675783144357,2873405.837812734,14652091.641664635,5527341.114288553,12910288.51768841,42434350.882335134,75285852.42609178,23445.984139972643,4635.3634378614215,3795910.6010979125,53403604.43512926,10177283.37291573,8157343.241741949,0.0,206169168.76251957,11027671.086434452,37107821.808616646,90060726.24518435,2290328.7169805225,27534647.21515488
6,2010-07-01,0.0,31427585.324925937,81526165.99753852,505915.4992061046,18172161.130028646,100289970.19973885,19.470192720634646,33010572.478391115,58153315.51480954,27404797.218303595,332677778.41909343,18939.366557633453,2570942.065411394,16339087.343458593,5631753.697321157,20326837.240615796,41960705.15965051,78418143.04617587,23445.984139972643,5750.21550066367,7669288.765483531,46479441.11790682,8710199.104376929,8320025.300694063,0.0,154948098.82836735,10731572.515898842,32893360.051959347,86263729.18008862,2346571.4412719947,24105250.24564307
7,2010-08-01,0.0,33307317.999009997,81609030.95043123,505915.4992061046,19566384.155609522,105444538.5005075,19.470192720634646,31217691.500672773,57488638.37044191,28695506.60384499,326220754.1666159,4651.31451259763,2581024.191158106,15853416.92339918,5507763.754969941,17763092.003060646,43521583.10940664,78298025.70676258,23445.984139972643,4539.6438163134235,6274872.626304707,54597425.69671933,7726251.020658136,8575668.536190255,0.0,159310376.38547242,10723569.851830307,36696654.807967156,87110470.75932413,2349696.0370659665,24725762.680734307
8,2010-09-01,0.0,41399180.91450199,85775584.36306788,151774.6497618313,23914469.52352275,112111860.54171917,19.470192720634646,31405365.010589845,55031706.78322576,28236165.91075525,337390890.5319866,425.82456805471276,3135541.107227229,16493296.564426364,5331567.52110242,19411213.941488948,43446230.380797714,75553806.49093674,23445.984139972643,3026.429210875617,6972080.69589412,55313718.45367338,8376324.505111075,9179916.183726693,0.0,181343843.7557224,11023669.754400188,32105289.967381146,90371057.73608162,2340322.2496840544,31134566.685913138
9,2010-10-01,0.0,36287853.02675287,84112243.06906523,151774.6497618313,18951980.78840439,103931784.76006453,19.470192720634646,31413351.117394824,53280994.66190022,28786615.50164789,311471806.8017508,425.82456805471276,2288642.5445034755,16037315.850702701,5135793.927916285,9614044.640831793,41766941.00037045,70287123.14743252,23445.984139972643,907.9287632626848,2324026.898631374,53960721.023871265,8064053.556385947,9249637.066134745,0.0,182898400.8487997,9791259.487846557,3871822.5894493815,88163631.92752744,2390315.7823875844,26961502.141521007
10,2010-11-01,0.0,43433412.16453816,86989210.65230905,151774.6497618313,19093766.18083635,112896251.37009703,19.470192720634646,30982101.349925812,54859602.87977339,28114687.380351357,339980979.1706039,425.82456805471276,2339053.1732370327,16953708.577603124,4855185.111016157,11445291.23908547,41228707.224592485,75405969.76550505,23445.984139972643,907.9287632626848,8289029.27178523,57701360.976853535,8668955.77152644,9830644.419535168,0.0,209341734.25859594,10375453.96484925,8737298.7638017,89456913.8420811,3033982.5159455487,32981893.782749593
11,2010-12-01,0.0,46272323.497658245,89684911.15110007,151774.6497618313,17368710.57291425,132393966.24691781,19.470192720634646,28658144.26967619,55749795.48383721,26801200.770359248,343423310.08960885,425.82456805471276,2308806.7959968983,18318548.809156943,3700120.911217957,16664344.044108441,40313709.805769935,75803280.96510275,23445.984139972643,907.9287632626848,7824223.892058958,62874586.443743855,9267966.081974013,7483374.711797458,0.0,215242706.08129793,10219402.015512913,4454309.173702828,93425225.12387122,5102464.931554153,33905557.33116783
12,2011-01-01,0.0,28014783.063466948,109148400.15032317,1535758.4137231219,22122364.973805312,120794164.65183397,20.261350230343066,35247542.35303199,57473155.5277825,32102728.847861405,372276842.0136666,16427.391142598146,2433230.0445374665,15940819.279689591,5551432.488160633,10767516.275372338,44291803.2205031,70657178.97110745,28383.714847917166,191.42795571470018,515332.5821045019,49563308.04519456,9603457.830310214,6148850.444193167,0.0,165701328.16715217,12003649.279819874,23072375.926470768,89769787.46237439,3207281.050539759,24035715.763895378
13,2011-02-01,0.0,21344596.582177196,83160685.68229645,1186722.4110992271,16855135.188440252,92033649.09638558,18.419409286246143,26855270.316898417,43789070.80115831,24459221.93622816,283639498.17733353,15645.134418467522,1853889.5544764558,12145386.096459724,4229662.840670126,8203821.909638856,33746135.72759249,53834041.025993355,21625.68746507258,166.45909187914526,392634.3475783123,37762520.34885237,7316920.238773208,4684838.425416746,0.0,126248630.76205882,9145637.530415688,26917771.864225764,68396028.42225413,2443642.700867684,18312926.26403561
14,2011-03-01,0.0,39750342.28011291,107796073.17121904,1209991.4776988218,13148722.49962193,146777802.58497897,18.419409286246143,31580476.95000315,55596276.126855604,28978883.83787648,401335504.1135913,18648.546746521075,2712259.338151665,14671464.521944292,5207067.881274751,16819127.550577153,44618526.520350255,63434763.240488105,21472.134744873885,1221.1438981886063,2304839.1291948357,60601822.52957872,10481052.194535097,11762290.772719333,0.0,182296275.47934428,12350681.436956555,33885726.76192152,90049704.57635815,2780155.635714302,24636679.174835775
15,2011-04-01,0.0,26012504.80624709,96169735.44752814,806660.9851325481,17783321.717310444,120108800.06172614,18.419409286246143,33470014.86085295,48697550.55546878,27637958.62172796,365390069.769554,19943.84294792451,2909116.8707594466,12524792.26570685,5281543.226418131,8608842.537736172,41133194.751343295,66242596.647872694,21472.134744873885,2275.8287044980666,3492180.4987800536,58463902.06042126,8626034.947367918,11401167.810399005,0.0,188115928.671839,10526529.300603893,35372775.46202452,88985479.49811468,2203530.763121707,23040340.67604257
16,2011-05-01,0.0,22655194.408877093,98732209.04635538,806660.9851325481,19449694.46973777,110083351.93873423,18.419409286246143,34549150.95660496,53874417.453146115,27994754.51257449,359420560.1374194,21232.94155984753,2909116.8707594466,12960770.190087767,5629094.837087244,11000187.687107326,42713630.47843055,67586856.83441095,21472.134744873885,3330.513510807528,3701711.328706859,53530239.43928869,9023246.145988705,10911072.3615357,0.0,192540133.68738684,10844500.77391307,34043923.43214524,91904252.29983874,1733993.3668677357,22931598.27149262
17,2011-06-01,0.0,25448519.22443849,94505646.86141226,806660.9851325481,21246252.593448494,116635932.41127792,18.419409286246143,34519758.14465842,53767154.125931405,28359392.071351722,386930303.73361266,29041.90430515048,3116910.932956551,15254613.830322571,5256718.111370336,11239322.20204445,41258792.29256879,64810840.23617514,21472.134744873885,4385.19831711699,3422336.8888044534,55174793.64633287,10610043.46006659,9053868.555316856,0.0,206098181.31567833,11530649.74263288,34265398.77045843,91494825.2255011,3019043.0829312364,25284783.90595345
18,2011-07-01,0.0,25975260.475372918,95661292.0694209,403330.4925662741,20022510.10338468,117291190.45853235,18.419409286246143,34712910.90887861,55319649.65140721,28304500.395836875,370569050.1125435,17917.231187833982,2788815.0452769133,17010982.03997138,5356018.571561513,17695954.10534658,40798267.974742025,67507314.81153889,21472.134744873885,5439.883123426449,6914517.38758451,48020982.84569062,9080575.597336037,9234430.03647702,0.0,154894747.64111304,11221045.939673942,30373760.682954855,87637365.96066146,3093180.566550284,22135603.87018701
19,2011-08-01,0.0,27528881.134694703,95758524.2692183,403330.4925662741,21558697.484528605,123319564.49327251,18.419409286246143,32827571.97116402,54687360.56466798,29637583.944054678,363376584.9134407,4400.288531083405,2799751.574866235,16505339.918149715,5238099.275084494,15464031.965933494,42315904.93121654,67403910.18180515,21472.134744873885,4294.644571126145,5657332.408023688,56408209.30161603,8054787.914299877,9518169.506871566,0.0,159255523.19407222,11212678.269323701,33885726.76192152,88497590.78932208,3097299.3156402307,22705414.070028733
20,2011-09-01,0.0,34216898.83595315,100647480.81528121,120999.14776988217,26349519.1477572,131117135.25559954,18.419409286246143,33024923.708519448,52350149.11904266,29163163.034247752,375818975.3917384,402.8433162259457,3401260.7022789014,17171532.640695788,5070529.7485118825,16898839.05555619,42242639.69883501,65041512.102504216,21472.134744873885,2863.096380750764,6285924.897804098,57148258.694785915,8732503.928441528,10188826.436895039,0.0,181281404.0779283,11526465.90745776,29646055.99992573,91810098.33849277,3084943.0683703893,28590553.00427181
21,2011-10-01,0.0,29992327.59108505,98695746.97143137,120999.14776988217,20881733.55385501,121550367.76568574,18.419409286246143,33033321.6547899,50684744.828077756,29731683.95922301,346947764.68646175,402.8433162259457,2482592.21677592,16696801.12303657,4884341.38565343,8369708.022799052,40609871.66290382,60507616.79879536,21472.134744873885,858.9289142252289,2095308.299268033,55750387.61879833,8406954.544004906,10266209.928820822,0.0,182835425.91134658,10237844.673520561,3575244.7470561434,89567522.1682532,3150843.053809544,24758470.66793171
22,2011-11-01,0.0,35898214.3439863,102071527.40814726,120999.14776988217,21037955.99939508,132034496.52175567,18.419409286246143,32579832.55618593,52186431.40908338,29037696.347356673,378704069.46408886,402.8433162259457,2537274.864722525,17650877.681364316,4617471.398889648,9963938.122379826,40086548.574464336,64914244.865908876,21472.134744873885,858.9289142252289,7473266.26738932,59615090.00535221,9037578.508825535,10911072.3615357,0.0,209269654.4451032,10848684.609088192,8068030.181409881,90881397.9015806,3999305.36633865,30286934.51525097
23,2011-12-01,0.0,38244607.1890579,105234612.40780638,120999.14776988217,19137249.578657646,154837476.56620774,18.419409286246143,30136030.191486854,53033247.150251985,27681087.795346744,382538474.3494725,402.8433162259457,2504465.275954561,19071842.76823543,3518960.05802477,14507493.906185025,39196899.32411723,65256275.56425882,21472.134744873885,858.9289142252289,7054204.607535709,64959891.17824586,9662060.03243038,8305828.133367601,0.0,215168594.46583363,10685515.037258485,4113113.4258168023,94912899.33739305,6725917.263883642,31135125.270740554
24,2012-01-01,0.0,26458773.603017952,112688444.31085949,1532039.5074378173,19504281.729111634,113026637.69985284,19.959120227583664,35798374.93595913,58409024.45144581,32054193.878862888,382712198.82605696,16182.350688042357,2409239.1819476048,18076713.889843807,5469617.244348218,10651202.011629922,40730615.28581222,64463828.68731689,27214.12190779852,188.57250576066713,497423.55360752787,45466898.53597633,9571266.295375032,5584929.707396804,0.0,174385262.3113321,11173108.172251493,22971922.262126207,96808864.32151777,2730108.0966744414,22543894.5982046
25,2012-02-01,0.0,20159065.566781048,85857862.18081006,1183848.7107866567,14860405.100759586,86115533.33387482,18.144654738492864,27274952.284103468,44502113.78935976,24422242.912294455,291590246.2108608,15411.762557031387,1835610.8020592418,13772734.367995698,4167327.416922876,8115201.518372205,31032849.686894298,49115297.96094305,20734.569036076056,163.97609191981286,378989.37350942084,34641446.44256606,7292393.355056282,4255184.531471765,0.0,132864961.52691957,8512844.306716599,26800575.92270809,73759134.59119986,2080082.3557060945,17176300.615988113
26,2012-03-01,0.0,37542511.20379091,111292256.88836895,1207061.4303219886,11592629.825708058,137339428.2991225,18.144654738492864,32074002.300344214,56501582.72818494,28935071.698561218,412585409.3299687,18370.374252063168,2685517.336820658,16637279.543473078,5130327.773354348,16637441.785001893,41031069.0958487,57874483.10139115,20587.34368276514,1202.9286104845094,2224740.50729687,55593079.33068334,10445918.895275643,10683552.60220016,0.0,191849903.49489656,11496128.925403323,33738193.38984653,97110730.44680284,2366529.5592980045,23107558.103244413
27,2012-04-01,0.0,24567706.76955346,99288838.52116437,804707.6202146593,15678744.892987331,112385344.67513022,18.144654738492864,33993069.051461734,49490521.18331879,27596173.779347572,375632382.2731332,19646.349067178227,2880433.9177189316,14202976.794635613,5203705.524582298,8515846.980000965,37825967.99124687,60436200.03365338,20587.34368276514,2241.8811290492054,3370818.9504498034,53631858.07885462,8597119.809688665,10355548.794237876,0.0,197974548.1176026,9798191.18438847,35218767.70293971,95963056.77930737,1875693.7988510113,21610299.306653537
28,2012-05-01,0.0,21396869.58984631,101934421.62675086,804707.6202146593,17147909.860997867,103004571.22434188,18.144654738492864,35089069.39598885,54751686.02508821,27952430.243231904,369495540.2797661,20916.21873963723,2880433.9177189316,14697370.969931422,5546135.030312746,10881360.03000123,39279332.15579605,61662631.086209476,20587.34368276514,3280.833647613902,3573068.0874767913,49105962.882326834,8992999.52558698,9910400.769146198,0.0,202630613.10325634,10094161.98328097,33895701.29549474,99110697.96388604,1476013.25105846,21508306.20061874
29,2012-06-01,0.0,24035046.324150976,97570778.03006609,804707.6202146593,18731853.34213421,109135795.70198129,18.144654738492864,35059217.24652702,54642676.06653464,28316516.519509304,397776414.27636456,28608.698486263882,3086179.1975559983,17298564.4509587,5179246.274172981,11117911.335001258,37941467.13015142,59129942.10785394,20587.34368276514,4319.786166178599,3303402.5714408066,50614594.614502735,10574477.772087982,8223524.042483019,0.0,216899199.34961486,10732835.812470045,34116212.363402255,98669166.67357609,2569875.8029117584,23715437.015211813
30,2012-07-01,0.0,24532531.079762712,98763904.64013493,402353.8101073296,17652935.318751488,109748918.14974524,18.144654738492864,35255388.51441905,56220451.78244153,28261707.832757864,380956535.5135587,17649.967418648932,2761318.229392209,19290266.700007528,5277083.275810248,17504796.57000198,37517970.28750135,61590061.20144287,20587.34368276514,5358.7386847432945,6674221.521890608,44052046.579537414,9050136.804170238,8387525.9464641595,0.0,163012339.71278265,10444653.718811559,30241517.884456277,94509234.23804298,2632983.257826373,20761716.664444007
31,2012-08-01,0.0,25999859.85389027,98864290.40224414,402353.8101073296,19007321.773636196,115389644.66917342,18.144654738492864,33340586.356081776,55577866.76359947,29592775.93957843,373562457.0733332,4334.651285797557,2772146.928331001,18716874.090352274,5160901.836365992,15296984.390001738,38913584.88259824,61495720.35124625,20587.34368276514,4230.583172165759,5460726.699728679,51746068.41363472,8027787.640948305,8645243.224148814,0.0,167601651.07857054,10436865.013577543,33738193.38984653,95436911.47865932,2636489.227543851,21296160.540066354
32,2012-09-01,0.0,32316408.7205969,103911812.00329795,120706.14303219892,23231171.056666452,122685801.79756439,18.144654738492864,33541022.216754053,53202597.14037967,29119072.289798167,386353622.36001754,396.8342726434385,3367725.369964615,19472329.316941854,4995801.896103099,16716292.220001897,38846210.38490391,59340394.773677185,20587.34368276514,2820.388781443841,6067474.110809646,52424952.69311389,8703231.898486152,9254393.15322163,0.0,190781845.57704058,10728941.459853034,29516981.51847452,99009161.15148024,2625971.3183914158,26816027.438669756
33,2012-10-01,0.0,28326480.478619915,101896776.96595992,120706.14303219892,18410473.505381912,113734214.06021082,18.144654738492864,33549551.402314566,51510074.09967957,29686733.688295167,356673117.7333526,396.8342726434385,2458114.659106005,18933988.992730863,4812357.518033217,8279295.675000939,37344721.57914449,55203911.341979004,20587.34368276514,846.1166344331518,2022491.3702698816,51142615.72076435,8378773.7808169145,9324679.683499262,0.0,192417309.26375765,9529480.853815021,3559678.6676495415,96590738.89236121,2682066.8338710717,23221790.38200339
34,2012-11-01,0.0,33904339.85972125,105382045.14418909,120706.14303219892,18548207.721132897,123544173.2244339,18.144654738492864,33088975.382046368,53036213.51942947,28993795.291509166,389319589.0053689,396.8342726434385,2512258.1537999692,20015901.325547516,4549420.576133055,9856304.37500111,36863475.1670421,59224282.95805059,20587.34368276514,846.1166344331518,7213552.553962579,54687900.29137778,9007283.8452328,9910400.769146198,0.0,220236880.34291503,10098056.335897975,8032903.1880587,98007638.95638701,3404296.5956716486,28407119.89281264
35,2012-12-01,0.0,36120408.31653716,108647719.46780439,120706.14303219892,16872441.429495886,144880834.40661895,18.144654738492864,30606982.383934382,53896818.4553787,27639237.747509416,393261476.7600218,396.8342726434385,2479772.056983591,21627260.119104225,3467098.7455207556,14350779.170001626,36045356.26646806,59536333.4625471,20587.34368276514,846.1166344331518,6809054.2799086,59590953.42094957,9629672.058371898,7544087.583132569,0.0,226444966.99045336,9946176.58383472,4095205.546853455,102355260.6512156,5725248.548642433,29202666.119884096
36,2013-01-01,0.0,22911216.28699191,110385254.43975462,1444672.304686683,15502968.606908234,95614685.41339207,19.09718925954584,34494754.78576725,57827000.85897802,29629988.795065045,367284341.98899496,15483.51882398076,2188390.71506089,18967055.90954502,5148869.676120983,9974601.521628356,35536851.95356743,55772358.83036256,26038.885014948366,180.4290364803437,412493.7227988879,37325854.75591601,8861617.480827902,4461469.422610952,0.0,165728429.3451257,9592665.470459456,21285967.34591718,98428577.52335267,1881539.6326694128,19838939.763088804
37,2013-02-01,0.0,17456164.75933297,84103050.85353623,1116337.6904508024,11811785.58445217,72849283.99613573,17.36108113178412,26281717.885707263,44058667.24349894,22575229.518369384,279835688.64142823,14746.208400912186,1667345.3037753552,14451090.191334756,3922948.3177517457,7599696.384041187,27075696.67882277,42493225.70064532,19839.15045262501,156.89481428673483,314280.9311025624,28438746.430591565,6751708.54492539,3399214.79219068,0.0,126269279.27857381,7308697.488425216,24833628.524117127,74993201.79042353,1433554.0033175764,15115382.650007235
38,2013-03-01,0.0,32508861.032348093,109017603.0818917,1138226.6645055492,9214396.03649767,116182047.8686399,17.36108113178412,30906007.502512496,55938566.06306477,26746760.60963496,395953306.5443018,17577.05298931456,2439343.1955902777,17456724.33644466,4829476.711205091,15580575.034017956,35798993.40395378,50071435.47599437,19698.28299935438,1150.9803577613068,1844889.5060575278,45638899.316813655,9671420.126552647,8534457.147498913,0.0,182326090.8336348,9869994.748689918,31262080.491649847,98735494.18354212,1630968.0789294592,20334971.46135743
39,2013-04-01,0.0,21273701.18955291,97259517.33748662,758817.7763370328,12462242.560253285,95072184.70679323,17.36108113178412,32755190.240995497,48997367.06539366,25509121.301219977,360489926.31053036,18797.92506467739,2616392.2984960233,14902523.577428376,4898551.467503614,7974891.486606348,33002590.682040434,52287763.591734305,19698.28299935438,2145.065901235878,2795287.1303901942,44028843.16723812,7959697.791202636,8272434.340338861,0.0,188146695.8558985,8412231.296647644,32633992.520695165,97568618.7393946,1292693.2181144606,19017362.964479227
40,2013-05-01,0.0,18528005.658645187,99851028.52603482,758817.7763370328,13630007.602502493,87136535.90147991,17.36108113178412,33811279.049418,54206106.41143655,25838434.684453208,354600472.09313583,20012.955646856662,2616392.2984960233,15421268.412431689,5220900.330230057,10190139.12177478,34270629.153538674,53348838.52533218,19698.28299935438,3139.15144471045,2963004.3582136054,40313328.97591,8326225.531884651,7916831.959193071,0.0,192571624.46955407,8666336.85250822,31408028.57984616,100768923.24170798,1017240.8314508185,18927607.617280435
41,2013-06-01,0.0,20812459.151080295,95576571.5340144,758817.7763370328,14889004.28867742,92323234.46704413,17.36108113178412,33782513.984597154,54098182.69543349,26174985.724460784,381741290.2551287,27373.23705813495,2803277.462674311,18150579.86178242,4875526.548737438,10411663.885291623,33103361.951298572,51157624.609204024,19698.28299935438,4133.236988185023,2739381.3877823898,41551833.70635273,9790447.176361758,6569286.093798505,0.0,206131889.57591793,9214669.894102108,31612355.903320994,100320004.67271292,1771110.5212671019,20869913.330662202
42,2013-07-01,0.0,21243241.80965378,96745312.35066795,379408.8881685164,14031426.835775651,92841904.32360058,17.36108113178412,33971541.55341986,55660236.47968845,26124322.127040297,365599452.804738,16887.756793655175,2508195.624498067,20240380.482795745,4967626.223802135,16392832.500246383,32733867.29735207,53286053.02630273,19698.28299935438,5127.322531659593,5534668.518172585,36164338.128926955,8379126.442910917,6700297.497378532,0.0,154920081.3555102,8967251.326553648,28022032.933691736,96090472.23172787,1814603.0033718871,18270598.475785308
43,2013-08-01,0.0,22513833.08544627,96843646.37205158,379408.8881685164,15107960.23409914,97613667.00391977,17.36108113178412,32126468.109911274,55024054.574828245,27354723.778680924,358503443.7335257,4147.460160323476,2518031.68577061,19638746.261458576,4858257.859662809,14325268.040755846,33951520.13422125,53204431.87756442,19698.28299935438,4047.8862092049417,4528365.151232113,42480712.25418473,7432577.999190884,6906172.560147146,0.0,159281570.13241082,8960564.338241527,31262080.491649847,97033670.47947712,1817019.252377709,18740916.495106958
44,2013-09-01,0.0,27983467.447333764,101788003.88474813,113822.6664505549,18465284.730565626,103785838.29694122,17.36108113178412,32319604.973708387,52672453.60507714,26916845.543832343,370778972.81256527,379.6970569310227,3059015.0557603883,20431410.32679697,4702839.657991131,15654416.621856907,33892736.893820666,51339702.55638947,19698.28299935438,2698.590806136629,5031516.834702349,43038039.38288395,8057942.340251429,7392786.344872961,0.0,181311053.44555613,9211326.399946045,27350671.727988712,100665687.61260113,1809770.505360245,23598475.885505356
45,2013-10-01,0.0,24528503.498774763,99814153.26801594,113822.6664505549,14633555.685685402,96213258.39121735,17.36108113178412,32327823.563657206,50996795.90924002,27441575.659973197,342294945.7939738,379.6970569310227,2232785.908866907,19866554.83979336,4530152.767244822,7753366.723089506,32582710.393464852,47760929.11171026,19698.28299935438,809.5772418409884,1677172.278234116,41985310.36200767,7757540.738352249,7448934.089264402,0.0,182865329.44605166,8181530.199879483,3298426.793236632,98206802.62841901,1848430.489453388,20435497.45022007
46,2013-11-01,0.0,29358490.88278043,103228187.57292949,113822.6664505549,14743033.65839626,104511976.0961202,17.36108113178412,31884019.706421286,52507727.93328298,26801043.035442643,373625375.69974935,379.6970569310227,2281966.2152296137,21001755.177133936,4282634.890508447,9230198.479868457,32162830.10488928,51239245.75794233,19698.28299935438,809.5772418409884,5981914.459035014,44895796.47854803,8339450.759641213,7916831.959193071,0.0,209303881.4136639,8669680.346664285,7443352.498011869,99647408.9073196,2346177.7846526,24998659.30180646
47,2013-12-01,0.0,31277431.81642592,106427116.20606627,113822.6664505549,13411051.65708076,122561687.10428394,17.36108113178412,29492410.031316597,53359757.270149335,25548928.413478944,377408358.45964885,379.6970569310227,2252458.031411989,22692479.08381139,3263782.235105227,13439168.986688467,31449033.6143108,51509223.403769,19698.28299935438,809.5772418409884,5646480.003388192,48920936.85248685,8915692.826177372,6026524.564681249,0.0,215203786.23187113,8539284.074577933,3794650.2931040893,104067770.84453243,3945734.626506381,25698751.009957008
48,2014-01-01,0.0,19294073.780276984,106271687.54514968,1339319.5652393166,11614247.727444714,78172376.34587532,17.968283146525245,32683642.464727767,56234288.66319202,26899974.394141898,346607298.27693784,14568.230253819884,1949125.6957374527,19418046.119682204,4764955.293953623,9181141.158871448,30204361.876699682,46917056.37124039,24499.629364804874,169.76320291285882,328411.68293191196,29306999.015013296,8058975.092591158,3367613.837716909,0.0,154872130.5699048,7992576.138710094,19374777.753623888,98067600.92393169,1082838.1462075734,17037134.71793222
49,2014-02-01,0.0,14700246.663834414,80968904.65364502,1034928.7553893344,8848950.63389068,59559905.682394706,16.334802848003648,24901822.786394138,42845172.23932387,20495218.549902257,264081750.6028563,13874.50500092916,1485048.146516784,14794701.779405294,3630442.122330077,6995155.156339166,23012847.103605695,35746328.60082059,18666.384245058176,147.6201764045663,250218.42465011947,22329142.067334995,6140171.488298677,2565801.014692187,0.0,117997813.55964558,6089581.809240333,22603907.33724918,74718172.00087301,825019.538514069,12980674.047934795
50,2014-03-01,0.0,27376476.020044886,104955002.46333173,1055221.475834956,6903082.947544673,94987780.70915177,16.334802848003648,29283318.739262197,54397866.47532899,24282397.826800946,373662283.23790896,16538.00780319611,2172640.594079211,17871802.55492758,4469377.177831235,14341170.262644708,30427167.63452815,42121301.84347239,18533.84399255838,1082.9416142486255,1468830.2730928492,35834120.5063001,8795429.737121865,6441993.268329874,0.0,170382536.40287387,8223645.947052355,28455171.9824842,98373391.99910209,938632.6072792338,17463113.07003603
51,2014-04-01,0.0,17915083.825726062,93635088.2166289,703480.9838899706,9336248.81816438,77728840.19637285,16.334802848003648,31035412.002480924,47647846.894413896,23158790.729416847,340195388.50444454,17686.709574837187,2330332.2501010895,15256869.147548009,4533301.523640501,7340504.210263642,28050379.733449593,43985730.627264954,18533.84399255838,2018.263052092684,2225500.413777044,34569958.86021624,7238746.919807466,6244212.773249572,0.0,175821853.6314625,7009042.412867115,29703905.019997522,97210795.949622,743953.2516953927,16331587.205505095
52,2014-05-01,0.0,15602869.079554427,96130025.3230108,703480.9838899706,10211094.973892814,71240835.53186382,16.334802848003648,32036051.932808045,52713123.45390584,23457762.20854535,334637493.4862086,18829.9151657527,2330332.2501010895,15787948.466261463,4831615.137417081,9379533.157559095,29128142.41532006,44878332.50959056,18533.84399255838,2953.584489936743,2359030.4386036666,31652662.753868863,7572076.353095535,5975796.38706916,0.0,179956920.4074196,7220762.294972798,28588015.922645196,100399363.66709684,585428.6335771224,16254507.786940321
53,2014-06-01,0.0,17526661.063294683,92014858.30920373,703480.9838899706,11154288.485537529,75481361.45637955,16.334802848003648,32008797.148713544,52608172.24929259,23763304.489412967,360250362.26577616,25755.102879952472,2496784.5536797377,18582156.2680004,4511993.408370745,9583436.052288638,28136029.747902874,43035030.39756902,18533.84399255838,3888.9059277808033,2180990.405501503,32625094.78931799,8903675.893292734,4958639.555227601,0.0,192628899.23696524,7677631.514253488,28773997.43887059,99952091.46039337,1019285.4831639677,17922506.404682104
54,2014-07-01,0.0,17889433.265942857,93140045.35994756,351740.4919449853,10511823.33992446,75905414.04883112,16.334802848003648,32187900.015620343,54127202.842379056,23717308.87723934,345017263.46933204,15889.458477580582,2233965.126976608,20721647.237674594,4597225.869449767,15088814.209986368,27821979.69490751,44825515.83016304,18533.84399255838,4824.227365624861,4406490.819278547,28395015.435114313,7620185.755838145,5057529.802767753,0.0,144771800.2421079,7471483.207992691,25506036.510910217,95738070.39096431,1044315.6860247474,15690286.44304615
55,2014-08-01,0.0,18959428.045470778,93234714.91022924,351740.4919449853,11318322.139736606,79806697.89938554,16.334802848003648,30439700.292986553,53508543.109922044,24834345.17288436,338320739.1377956,3902.288315144313,2242725.774533379,20105707.6257064,4496012.321918431,13185720.525843943,28856917.369551327,44756854.14690721,18533.84399255838,3808.6005518091006,3605310.670318812,33354418.815904826,6759371.085336472,5212928.7631879905,0.0,148847582.90658164,7465911.632147803,28455171.9824842,96677809.55696493,1045706.2528503464,16094182.596325584
56,2014-09-01,0.0,23565535.70939748,97994818.23533028,105522.14758349555,13833504.83745586,84852923.74955921,16.334802848003648,30622696.70047828,51221711.5988755,24436811.66766952,349905191.51592976,357.2517471610993,2724561.3901557853,20917219.30424844,4352182.543847579,14409137.894221226,28806954.861120246,43188198.76790893,18533.84399255838,2539.067034539402,4005900.7447986784,33792013.23185694,7328092.953472307,5580235.396908553,0.0,169433990.61914188,7674845.726331041,24894954.38616966,100296506.64395249,1041534.5523735498,20265720.729051348
57,2014-10-01,0.0,20656029.35684553,96094524.2416552,105522.14758349555,10962915.888971934,78661755.89976637,16.334802848003648,30630483.78164814,49592206.053564556,24913194.79375342,323024732.6444839,357.2517471610993,1988666.9953870191,20338932.934982684,4192371.6793244123,7136601.315534093,27693504.67322759,40177648.04053849,18533.84399255838,761.7201103618202,1335300.2482662264,32965446.00172518,7054900.2736124955,5622616.931568619,0.0,170886451.35048154,6816823.046218536,3002273.04763839,97846639.36542349,1063783.6215831316,17549442.018828586
58,2014-11-01,0.0,24723475.265324965,99381332.69049744,105522.14758349555,11044932.716071473,85446597.37899147,16.334802848003648,30209981.398475662,51061522.91815002,24331678.839844104,352591350.1721686,357.2517471610993,2032470.2331708744,21501125.560484722,3963309.4401745414,8495953.947064396,27336629.61300559,43103692.080824845,18533.84399255838,761.7201103618202,4762570.885482874,35250661.28503062,7584103.703781186,5975796.38706916,0.0,195593104.811128,7223548.082895245,6775040.948210526,99281962.3702105,1350240.387656498,21468159.658661876
59,2014-12-01,0.0,26339460.531666774,102461051.49809857,105522.14758349555,10047061.319693737,100203627.59630607,16.334802848003648,27943940.778046105,51890085.05983356,23194930.13898182,356161361.96939445,357.2517471610993,2006188.290500562,23232050.747402642,3020425.3394878563,12370108.94692576,26729942.01062817,43330803.80236332,18533.84399255838,761.7201103618202,4495510.835829629,38411065.40024025,8108152.555084604,4548951.386846974,0.0,201106527.1790706,7114902.353919959,3453942.444185758,103686113.0884822,2270795.6262029475,22069379.123467147
60,2015-01-01,0.0,18116137.779461704,92592131.87552667,523018.51039284613,8571013.049573328,69885603.12865017,17.056585640469944,28901755.744953755,49734363.742315054,22293500.37423753,323623433.6491507,13829.048937400376,1993366.369942917,18870566.735612318,4026349.4977133437,9965179.261789639,25054118.702765007,38203718.63311482,23256.53614276316,161.14954252841946,2241042.946589048,27429876.51704763,7076388.53472479,4218956.06807008,0.0,159381347.60778528,6472474.259373697,19383225.566673853,94711169.82698935,675314.0197581467,15836186.789607175
61,2015-02-01,0.0,13802771.617175465,70546386.06658143,398490.2929305428,6530295.645312013,53246173.71849023,15.50598693404083,22020385.29069076,37892848.49880979,16985524.064730287,246570234.7268246,13170.522794952787,1518755.3268044156,14377574.630372709,3067694.849995656,7592517.51941481,19088852.311331075,29107595.097755052,17719.265601361793,140.13003694193694,1707461.2896308906,20898953.49997623,5391534.112195709,3214442.7128660413,0.0,121433407.48721565,4931408.950834145,14768171.834302824,72160891.16961318,514524.96652823413,12065666.104156429
62,2015-03-01,0.0,21471209.835900437,86610068.30807517,597299.1367526784,8729757.499662137,64957289.3630172,15.50598693404083,28242416.961161744,47677270.83800529,21258558.111746572,338548741.1659277,15698.881418869694,1799224.0516325273,22759919.77237083,3776911.3757641343,9297441.37338545,24441313.45871018,34466449.41129782,17593.450344047716,1027.9939511434332,2655107.2315066024,27023081.097754195,6840606.109909013,4730344.678777532,0.0,167542672.05606946,6133452.361945052,20360660.392124873,88582447.08984199,752053.2883097888,16254095.371217577
63,2015-04-01,0.0,23417687.498380862,83621880.95970537,565416.2774260155,8781022.854106465,51577438.68573021,15.50598693404083,26244137.047234975,44163036.192124784,20611107.184613205,325216981.91710067,16789.298905258453,1308526.583005475,20214011.736222293,3671947.330404417,9185212.533008773,23979731.767412566,33755064.38063651,17593.450344047716,1915.8578653449288,2621861.4634277024,26409494.481361587,6357561.649685224,4913178.160560594,0.0,166955598.6111912,6108684.721356311,19372798.847292162,96363464.131449,831636.4741205334,16047583.450549679
64,2015-05-01,0.0,25777846.573923036,82417442.92457029,579489.1293845059,7825949.300808693,49719279.32231818,15.50598693404083,27526499.75564358,44299630.51774996,21034938.90867459,361820595.40936565,17874.49908309989,1271438.0326684134,20921186.063599583,3529001.103246265,9223237.36617716,23268865.941240825,33554090.343262564,17593.450344047716,2803.721779546425,2652570.533860034,25443304.82753595,6314337.498847959,4906070.637591465,0.0,183843372.9365279,6190744.068206291,20055542.030830685,101299587.45297769,919482.8649805862,16328163.706934363
65,2015-06-01,0.0,28229310.232955933,84186005.62385726,571632.7623605517,7896164.527342264,48552121.41836927,15.50598693404083,29692057.465425134,40371164.892516986,20529100.082438406,394744588.24618644,24448.307852716316,1358918.4869364253,26264966.573885072,3361684.3778642123,9736601.867913451,23708119.08730901,32764925.144925732,17593.450344047716,3691.5856937479216,3916351.479694319,25760253.50752995,6990525.923670871,4766760.443179201,0.0,202735702.79847467,6159967.582639931,19800704.940754633,109601261.41548532,1848962.8790785382,16029685.75075846
66,2015-07-01,0.0,25260774.488560546,82157586.15994813,552255.517392566,7799917.486184072,42121452.96758638,15.50598693404083,29755898.378866196,44707427.91882729,19794349.598047063,356143334.9894334,15083.239010286572,1540926.356341343,21318705.94508131,3582460.9960922967,9545754.33134684,22793050.27144653,32277334.389346827,17593.450344047716,4579.4496079494165,3160497.5568835326,23057629.523048546,7165667.396650915,4419671.831157863,0.0,170134472.6247858,6091070.467645684,20365128.48243402,103254938.09166875,1208271.3276915452,16464631.393482031
67,2015-08-01,0.0,22617138.455732346,80965373.33244117,565144.5332241595,7871864.7493356485,41220118.97959662,15.50598693404083,30248436.273887355,44810756.03260609,19285779.992234573,370539057.5906248,3704.2890685933808,1297781.2171415584,22797922.57419259,3787378.6236208375,9072441.164588572,23667931.458592687,34075026.10722191,17593.450344047716,3615.354953644276,2720068.5514898095,19612534.145261463,6631668.559980319,4464683.856447869,0.0,169056377.81410047,6217571.576543377,19033264.664436076,104714600.29095478,1323280.7575906962,14228440.865501506
68,2015-09-01,0.0,23730803.866977565,88375094.14092061,422620.0804240185,7628998.794466695,41091714.81733323,15.50598693404083,26677584.44989389,42816350.675946794,18986418.909044523,352586913.4584895,339.1250555754505,1545883.309473492,25271504.98362571,3788107.5406025047,9123321.78482759,22924237.041888658,34474321.24390784,17593.450344047716,2410.236635762852,2819441.5185420816,18764047.3037567,6898898.90082403,4127440.124214849,0.0,168025910.7154569,5992959.843658875,20161596.45968638,107051251.16841818,1305189.2636218134,16346604.220731448
69,2015-10-01,0.0,21474670.636379916,86825540.49748766,483867.45677103655,7494873.979996214,44716085.76930934,15.50598693404083,30040252.834852766,42669848.01439982,19161593.981975105,355181014.02542233,339.1250555754505,1426916.4343019112,26814062.808534775,3552142.535298009,9074866.584077276,23334117.83106426,35532678.88692572,17593.450344047716,723.0709907288553,3106944.544987674,19093970.537299395,7069609.311572948,4213258.661686682,0.0,175145089.3237841,5757501.114886718,20317606.71463901,112583816.22485904,1363070.786975718,16572002.42982694
70,2015-11-01,0.0,25581322.970708396,82494741.60544443,445340.3171821627,8507778.514918212,45747775.26505466,15.50598693404083,31641578.254254144,41903779.25739913,19193126.030877877,360635410.4108732,339.1250555754505,1549958.824560145,29712081.99472121,3544472.0858294135,9332078.065732982,24663915.9202093,35592929.16059243,17593.450344047716,723.0709907288553,3161882.038184352,21182044.48753491,8240206.612525545,4110089.809939826,0.0,195358211.87440115,6005285.206168004,21264475.73441983,112569215.41650592,864335.938718685,17474423.133379888
71,2015-12-01,0.0,23426752.0649884,82646863.38201438,350415.49356157135,8417437.974954216,48231453.436318815,15.50598693404083,29049240.15929313,42871856.90017789,18905431.45417933,366898342.15574753,339.1250555754505,1611273.2906631266,28209149.533038434,3349844.5232604947,9959575.574900692,24554547.328248505,35389796.1162477,17593.450344047716,723.0709907288553,2898452.5911997287,20457664.818015046,7989031.064438957,3894270.835458342,0.0,175626550.8297372,5248423.030482509,20772606.11443746,110154298.31262308,810485.1708268645,17231384.98533395
72,2016-01-01,0.0,12168167.225581918,71881953.64833169,335352.18532185483,6182910.385176813,54253928.51865256,15.865345322753898,20476940.084290277,39149657.88149009,17576983.200544585,270728116.1440195,12863.22136808823,1156637.409025285,19788471.423940394,2730482.482741989,6802192.206892108,20755697.368659787,30367706.030541338,21632.288237136218,149.8947793367834,1588554.826091748,15990432.795072498,5524988.428484227,3378783.1989838826,0.0,132211692.4594595,5139949.854435694,12977615.387594603,83065373.51352033,549198.4114486793,12566621.777767187
73,2016-02-01,0.0,10951350.523831291,64693758.40641666,301816.96736312145,5564619.35723191,48828535.759561524,14.423041191489585,18429246.11087682,35234692.160287,15819284.91054676,243655304.9925626,12250.687014835092,1040973.6701006066,17809624.315384634,2457434.239136917,6121972.997834648,18680127.667286057,27330935.479415987,16481.74338973119,130.3432863432588,1429699.3461990026,14391389.542908877,4972489.595083535,3040904.884863215,0.0,118990523.43959554,4625954.87778144,11679853.871026868,74758836.30421005,494278.5712429406,11309959.621479396
74,2016-03-01,0.0,19028007.479222592,75383988.26015016,498898.94182148494,2219394.137475652,59382215.15574048,14.423041191489585,25367122.033403568,40353722.5822689,18583089.50288362,313546503.5220121,14602.463830766428,1232775.291886582,24558040.373572327,2777959.5893734726,6792818.1396048805,20860562.55519438,30557319.823324125,16364.715131776507,956.1983487419353,1956675.9328857514,18411111.089925617,6419722.614607397,4268837.319770889,0.0,154517840.6009676,5268514.503296791,14822987.299980542,82737562.29453556,913024.1808136571,13733942.306130283
75,2016-04-01,0.0,20363684.04380978,69709614.71137701,399169.2060222064,3106334.336061687,48640186.22749412,14.423041191489585,24546637.002689432,41053582.179285556,18277223.22465238,240511101.88889956,15616.726024395604,1398863.9753666734,20413062.538611,2432487.8951708237,6896714.119890176,20186177.37972107,29675436.359174177,16364.715131776507,1782.0534111406114,1813070.5764778121,18084243.16911903,6065311.249025719,4122384.196983325,0.0,154655783.6189383,5321601.737624804,13937543.368344527,86768378.32519165,892954.518986278,13525211.205153977
76,2016-05-01,0.0,22500545.682897195,67155760.60262306,332849.5573727487,4567537.658617018,46423715.59567075,14.423041191489585,25624770.462603502,36392699.0448679,15699785.900453359,261426189.0313513,16626.135288868656,1483387.4784099774,22025651.714365445,2340695.899126642,6278285.665811069,18465308.376054727,25939278.694869194,16364.715131776507,2607.908473539288,1372511.370978531,16306669.307654034,5533606.170010979,3959658.5049971407,0.0,161404731.27502045,4792160.317102841,14429456.663697867,80122502.6850307,1172184.5965845932,12419500.508090297
77,2016-06-01,0.0,24201200.424083035,68543344.37473121,316582.47374174994,4993296.202485125,44364317.685787596,14.423041191489585,26006786.255486455,36010957.44649519,15439706.122120282,269139144.0921842,22740.826025580427,1610172.7329749325,28075088.456560306,2301058.446289381,6946188.396216505,18699179.011441432,26381376.237513173,16364.715131776507,3433.763535937965,2207032.1737031317,17437852.67404085,5639242.940676161,3765025.8145822934,0.0,182495192.70027727,4849397.227429541,14896143.636212576,89198310.596897,1202725.3863219088,13285452.508086603
78,2016-07-01,0.0,22025687.540877763,68447613.44683354,285299.62060521333,4887708.083605833,36589217.94974577,14.423041191489585,25153617.651381217,35054785.63342822,16067323.790792318,271553059.28807175,14029.818190344218,1703148.586322566,20990387.282196015,2261420.9934521215,6985767.817277564,18098794.693732284,26681886.985454176,16364.715131776507,4259.61859833664,1935918.8164728046,16189143.763094379,6047705.120581523,3522532.626524451,0.0,162977965.69485047,4898048.601207234,13855557.81911898,88160640.32509445,964216.3617066814,13203652.482028307
79,2016-08-01,0.0,21269227.47742822,69773435.32997546,312828.53136536543,5275999.875613547,37741084.577307515,14.423041191489585,24699443.319842614,36319986.359463595,15894456.393217638,275099530.5861397,3445.579700845518,1424221.026279664,23089426.010415617,2280196.629006613,6268390.810545806,18301249.8706342,27436053.381729197,16364.715131776507,3362.8567881605063,1673277.751655925,14360152.47588453,6593495.102351614,3551248.925110249,0.0,160367308.57788622,4873722.914318386,13351031.362346327,98765761.02747896,929312.602006892,12774907.517860765
80,2016-09-01,0.0,21887647.383313976,70287088.37321134,300315.3901107508,5235127.055402207,37392034.08410697,14.423041191489585,25446496.425924793,36374520.87351683,16347649.300372865,272375609.15790343,315.4403951478293,1162198.1668454234,24639649.85893094,2107043.5455596326,5956702.869689935,17547278.86699945,26898601.467142403,16364.715131776507,2241.904525440338,1927446.5240593576,14396879.208559427,6170948.019690895,3487434.9282529214,0.0,157893454.45395064,4673393.728174941,13653747.236409916,96163971.41516063,865322.3758906114,12743879.9217697
81,2016-10-01,0.0,20982103.949695535,66860332.90040122,226487.8567085246,4809368.511534104,35873664.43868464,14.423041191489585,24215556.648857556,35262016.78683057,16419288.041710129,300317504.23358977,315.4403951478293,1567910.9814532807,25496727.641845744,2267679.538636952,3938152.395575736,18165116.217200156,29510733.353091132,16364.715131776507,672.5713576321012,2312935.8288712283,14132446.733300176,6449124.8491092045,3484244.228410055,0.0,162316751.22854507,4503113.919953013,13527615.62221676,96666490.98075056,751885.156866296,14396804.586257746
82,2016-11-01,0.0,23549650.88038198,79785037.53140266,310325.9031144426,5545079.275338185,40175711.76738123,14.423041191489585,23833540.855974607,36483589.901623346,17137232.819024775,309398620.13318795,315.4403951478293,1677791.5354095749,27057642.689316336,2349040.6260397504,4180576.3495747466,19090126.93925204,31313797.840737153,16364.715131776507,672.5713576321012,2448492.507486392,16468266.931423593,6801247.417993136,3177937.0434948853,0.0,183110806.16890642,4892324.910174565,8526497.119457835,108896642.48614663,1172184.5965845932,14137301.05531423
83,2016-12-01,0.0,21352051.571966488,83727504.77708088,355373.21163105505,4652689.367390638,42688875.31842507,14.423041191489585,21571158.43812341,36541760.04994681,16459779.504205098,321455795.86333245,315.4403951478293,1458030.427496986,25282903.66274018,2232214.4492562455,3760045.000800954,18751538.10891607,31758784.909803648,16364.715131776507,672.5713576321012,1554665.6578676573,16747390.099752806,6491379.557375275,3123695.146166157,0.0,163730382.15650824,4674824.650933108,6792187.424301838,110980684.66725108,1356883.6583293118,14281156.273554662
84,2017-01-01,0.0,12758574.296487786,69798662.49671414,250184.5851577234,4728235.06949217,43583122.49604531,15.703351804835378,22628094.7244946,33827817.06328113,15152575.759505581,252307094.34251514,12731.881114296668,1062488.015149808,18868652.36738899,2055588.7526723195,3339693.844252572,18720730.944090024,26103428.44599498,21411.411199739796,148.36427482342992,561847.6521564818,12163290.003324257,5479719.095476429,2535971.259171767,0.0,133380712.02273001,4503873.064429011,4968781.014816225,78006031.83065283,523248.76810967136,11991166.777029365
85,2017-02-01,0.0,12758574.296487786,69798662.49671414,250184.5851577234,4728235.06949217,43583122.49604531,14.275774357130661,22628094.7244946,33827817.06328113,15152575.759505581,252307094.34251514,12125.601058867547,1062488.015149808,18868652.36738899,2055588.7526723195,3339693.844252572,18720730.944090024,26103428.44599498,16313.456123439943,129.01241285375946,561847.6521564818,12163290.003324257,5479719.095476429,2535971.259171767,0.0,133380712.02273001,4503873.064429011,4968781.014816225,78006031.83065283,523248.76810967136,11991166.777029365
86,2017-03-01,0.0,16067769.728710242,86672930.06456241,318304.1504234402,3833157.4146257374,53973629.10776598,14.275774357130661,27178081.094087552,36564485.84436993,17316789.021595694,292742588.8971928,14453.36499691809,941180.3283807354,22042381.38875801,2265174.1453355444,3437632.0801544087,20470671.00557966,26420890.981056385,16197.622785533726,946.4350608216635,1002101.4094432768,10621976.506190522,5480590.413507193,3935018.915227922,0.0,160557857.22866416,4656834.791145469,6429452.820679285,98091056.256962,796029.0750059098,11896242.523148345
87,2017-04-01,0.0,20806122.230340112,80407993.98952927,336882.2136777266,4659123.612148436,43531299.520425774,14.275774357130661,25900891.937710583,36121868.802852616,16270136.026610518,297938428.2339096,15457.271040240086,995559.636242733,24675544.727965537,2238330.6960289255,3339693.844252572,18266402.97156113,26117728.560186926,16197.622785533726,1763.857708789567,918243.5509124587,11101819.38737366,5428311.33166134,3505514.442939802,0.0,166797824.5522605,4519452.499557542,6292124.702179339,97473088.63149557,997555.4231086718,11720353.46448645
88,2017-05-01,0.0,21183222.9484629,80879723.60454641,308395.8500211541,4729920.71479324,39756859.46280153,14.275774357130661,28161180.64208825,36370166.16760622,16666291.873018747,301743255.4647336,16456.373705364367,2430336.759063143,23312225.731845364,2312666.401801103,3295621.6380967465,18003825.58819842,28337106.28277838,16197.622785533726,2581.280356757471,1236903.4133295675,9306043.756279165,5351635.3449540865,3606574.3187723,0.0,178228361.43978855,4288593.597198443,6573023.126383773,98532461.70372373,1052255.4318794215,11226188.966341117
89,2017-06-01,0.0,22341851.24182567,80900100.693748,326973.91327544046,4740034.586599638,34522738.92522652,14.275774357130661,26480668.594223816,36596872.45716388,17173433.01491878,306718169.34933823,22508.63023448261,2827724.008823898,29220529.272599038,2250719.9803242874,3609023.9929826185,18470245.940224282,28894810.73626463,16197.622785533726,3398.7030047253756,2373177.396422154,10294810.90538383,5680993.560582974,3126539.9085679315,0.0,190189239.13058782,4492542.566153719,6410726.259065657,106034201.1013718,1524402.8760058924,12569087.969775604
90,2017-07-01,0.0,20806122.230340112,74860331.45439257,299726.0871691538,4922084.279114845,29098600.810379837,14.275774357130661,27547793.744617727,36046300.0396667,16882096.614252806,308051904.4861645,13886.566369587972,1535169.691181022,22104109.93321364,2322990.805380572,3545364.1396464263,17184998.74797523,28826170.188143242,16197.622785533726,4216.125652693278,1740050.5645144766,10534732.345975405,5640912.931167816,2763355.9797948888,0.0,172056097.19746098,4499624.127575777,6997491.856292697,106253827.22610205,895352.7751422708,10927456.755597895
91,2017-08-01,0.0,18428748.137826853,75985146.77832115,272478.2610628671,4736663.295997503,26326071.61473367,14.275774357130661,25539581.847419735,35844783.337837696,16504438.317093207,304562100.5852044,3410.3985203761526,1254907.1045076465,20758427.664080795,2310601.52108521,3814694.288376473,15226033.269466596,28989191.48993154,16197.622785533726,3328.5202521262727,1413004.916244286,9851319.757623656,4828844.526495525,2684402.951800749,0.0,161629822.6820848,4377821.271116376,6847679.363383667,106861028.8650621,798908.0228359494,12379239.462013558
92,2017-09-01,0.0,21729745.728351004,76628043.94263174,224175.29660172254,4965911.056942578,26878850.021342244,14.275774357130661,25560588.248018034,34175073.52268291,16638545.5491458,296490139.15895075,312.21958285133803,1284188.2702794923,23465665.25663508,2271368.7874832256,3839178.847351931,14103169.459033957,29052111.992376145,16197.622785533726,2219.013501417516,1249482.0921091903,11334470.48128064,5396943.882553824,2693877.315160047,0.0,162724355.82926178,4440139.011630489,6129827.834861221,119801744.64573514,868002.7707568964,13959449.100150602
93,2017-10-01,0.0,17986064.68611749,71350377.8394163,172156.71948972062,3371290.6021334566,23726285.671152685,14.275774357130661,26287409.708719403,33379802.252964806,16285550.65098438,276001349.0815667,312.21958285133803,1242358.0334625705,28181726.05304563,2197033.0817110487,2987116.1950059664,15564619.89538167,27985323.473656278,16197.622785533726,665.7040504252545,805035.4418958544,10803735.17330535,5839573.442182069,2564394.3492496572,0.0,154238902.97692105,3899107.7189852414,5736570.040975011,109705402.50004862,898231.7229723103,16148290.71905422
94,2017-11-01,0.0,23811997.519724675,75268892.09288473,229129.44680286545,4908599.116706312,26922035.834358547,14.275774357130661,25665620.251009565,34768828.09057201,17335286.570844326,292947149.5010004,312.21958285133803,1330201.530778106,29642047.04759608,2250719.9803242874,2717786.0462759193,16456001.012586655,28420046.94509172,16197.622785533726,665.7040504252545,775685.1914100677,12570429.41766147,5860485.074920412,2444385.746698565,0.0,173951783.47298378,3754643.8659752537,6647929.37283829,116027189.77659707,1245144.936492065,13847773.507349398
95,2017-12-01,0.0,27260556.260818616,88489547.56688538,170918.18193943478,4790603.94563164,28355804.82649954,14.275774357130661,26056339.302138045,34376590.224511944,16781901.555822708,298069347.02034664,312.21958285133803,1409678.9807302565,33506253.930518847,1866652.1671680338,2859796.4883335815,16656389.015679248,28002483.610686623,16197.622785533726,665.7040504252545,683441.547026168,14460719.55565568,6385018.529440493,2602291.802686844,0.0,155570396.90853834,3164041.6433756007,6416968.4462701995,117338486.93307455,832015.9228814029,12549544.741035396
96,2018-01-01,0.0,19036271.45128536,73612559.3981569,194056.55089355508,4471325.3993621515,34850560.11810208,14.587545653933223,26995469.957604505,35677309.28038788,15969361.682648338,267384381.9870809,11827.213662631168,1477400.227030218,23243628.37230396,2310153.241669517,2240188.001037338,17020241.50716942,27225555.68169524,19890.017257026975,137.82220886964126,320785.3819040731,10796995.194469778,5517411.293131654,2002451.9046405246,0.0,113475663.60504608,3747989.2946016663,6375240.456714392,94054386.4053022,788257.3544160397,12189769.066059588
97,2018-02-01,0.0,14709846.127583427,56882432.2859385,149952.7893893852,3455115.082766472,26929978.28431172,13.2614051298124,20860135.885031775,27568829.90998083,12339961.305375412,206615204.34892616,11264.013009830525,1141627.4486359009,17960985.567908447,1785118.4147619482,1731054.3651599868,13152004.806480419,21037929.399176057,15154.29883579631,119.8453989834705,247879.61339290466,8343132.653752128,4263454.182834616,1547349.1996858232,0.0,87685740.09501946,2896173.54703659,4926322.173152313,72678389.52532135,609107.9559391881,9419367.009520434
98,2018-03-01,0.0,19439428.946816392,77606836.7684296,222052.8517545399,4168349.380368707,31692613.85578371,13.2614051298124,24958130.75873911,33688931.85837926,15894460.554732604,261323056.0973688,13426.3770159299,1573748.0840426974,23013964.69257112,2161766.3497884125,2110717.5921140416,16316955.670523962,24307091.54491311,15046.696068823076,879.1858470602363,292122.42909091315,9624093.925093932,5070120.931930875,2390981.7355586556,0.0,125910623.79475732,3556271.715039248,6053787.268127675,93185375.9094015,667258.6505906781,10415541.344158586
99,2018-04-01,0.0,22673410.727731,73064777.79490994,233558.18086099278,4315541.281854305,31283418.081949536,13.2614051298124,24649812.958904807,33187508.978963025,15441969.605606878,281670985.7417162,14358.95022840227,1705865.2071475158,20369660.640901025,1814579.3850042939,2124364.4730975386,15553101.33346954,25425605.649231434,15046.696068823076,1638.5262951370016,222013.04610909405,10312976.437626971,5070120.931930875,2628613.0491540553,0.0,130396949.71751423,3494434.951958655,5537707.702166599,98325893.1260058,1448178.5943681453,11432197.770182032
100,2018-05-01,0.0,20530961.259056017,74169295.9908044,230106.5821290569,4243511.202403908,28828243.438944515,13.2614051298124,23529721.711405493,31606355.499203824,15388988.070424441,288420691.20461506,15287.061368087685,1632035.050118353,20192718.362350613,2190538.7501848866,1901465.4170337713,15206478.35699106,25329960.737698272,15046.696068823076,2397.866743213767,323282.1548606106,9029763.914281113,4871006.98728608,2757696.7256750134,0.0,131853957.43541895,3627318.20879142,6152364.263873051,103070370.49479394,1099171.5647004757,11979428.652556904
101,2018-06-01,0.0,18632202.72520663,67675637.6000316,230106.5821290569,4099451.043503109,28635680.72184609,13.2614051298124,24817631.50818171,31465957.092967276,15244362.798710197,295903895.06522757,20909.273079643575,1663121.4320253688,19722510.64064719,2008313.5476738857,1956052.9409677545,15280296.213092957,25717853.990027197,15046.696068823076,3157.2071912905335,677724.0354909186,9259391.418458795,5594616.200751311,2461391.0136609967,0.0,145816074.55951285,3744413.3559014807,6453893.897917722,111843253.18429837,1107194.7148077786,12062421.013864936
102,2018-07-01,0.0,17058365.437791344,64135879.2001642,211698.05555873242,3945995.6568479124,26405162.582122568,13.2614051298124,23439958.301327154,30947820.117570486,14830534.050933829,279565503.29439294,12899.852427069907,1247341.0740190267,20004307.602783035,2069694.668519696,2165305.116048026,15411884.565274596,26087149.620669108,15046.696068823076,3916.547639367298,475185.8179878855,9090547.665386973,4152254.211495114,2367511.9761912087,0.0,130250200.73873244,3848351.7449092865,5630486.051103422,103512414.97139686,755513.3017710082,11102821.836240765
103,2018-08-01,0.0,19012969.81087162,74411589.61389689,155321.94293711343,3573318.289256721,25121411.134799678,13.2614051298124,23658512.691083107,32161263.485757794,14386634.702107968,281906617.3513442,3168.0716787338747,1480488.9383216489,21252733.679222073,1991050.107436,2410948.9737509545,15315600.405141696,25701913.17143834,15046.696068823076,3092.011294237341,471290.85226667323,9536295.173496583,4388600.844975928,2077073.7040190534,0.0,125124468.55128358,3786514.9818286924,5676875.225571833,109881055.75648175,787605.9022002191,11120976.415276896
104,2018-09-01,0.0,18017898.49366711,75379817.64680181,169128.33786485685,3867702.0922279144,26461326.707942933,13.2614051298124,22538421.443583794,32635943.811605174,14728866.780718882,290929027.6942059,290.0347311516929,1367800.8039087146,23634901.021928586,2025576.9879117694,3557286.9763646154,14641611.284211315,25470771.301899876,15046.696068823076,2061.340862824895,482975.74943030986,9570063.924110956,5044219.931001472,2185621.3410934955,0.0,121990329.64730147,3598373.3409664617,5798646.808551411,117137785.89727573,787605.9022002191,13156882.778614668
105,2018-10-01,0.0,17109134.38254668,79821551.91700974,94343.6986729134,3228826.604928729,25121411.134799678,13.2614051298124,23182376.341971904,31726696.990263715,12642539.841237308,292053978.6046888,290.0347311516929,1569862.2863043204,25288000.642830156,1964195.8670659575,2624750.109159056,13775053.843015116,24939410.682271212,15046.696068823076,618.4022588474681,447921.0579394003,8914950.162192276,3969328.3924311986,2150416.702042325,0.0,118824744.53358044,3608898.7474482637,5601492.817060664,110323100.23308468,950743.2877153748,14064611.730421318
106,2018-11-01,0.0,20317731.691083625,82847382.82727073,74784.63919194351,4265433.400497505,23292065.32236458,13.2614051298124,25695751.82416549,30757279.423392314,13438694.80235725,291229267.97099024,290.0347311516929,1655349.8365486152,27380179.25124572,1943096.10677521,2674788.67276521,12783326.993646134,25130700.50533752,15046.696068823076,618.4022588474681,358336.8463515203,9752415.177428527,4781972.296591255,2033067.90520509,0.0,134369654.2145349,4091751.7698009843,5642083.344720524,112387307.92473279,744815.7682946046,17480266.10050519
107,2018-12-01,0.0,23485713.843816303,83742733.48135482,60978.24426420009,4002367.0233743098,22265064.164506275,13.2614051298124,25110338.2801763,32074350.18665896,13926984.086065697,291024040.4400238,290.0347311516929,1534890.106658927,36201079.50787012,1643863.1426518802,2474634.418340601,12228088.33687968,24216760.23957624,15046.696068823076,618.4022588474681,292122.42909091315,9900997.680131726,4919571.364028716,2300036.418009799,0.0,131958778.13454878,4389094.502911923,4981037.6085456675,111467215.34899817,750164.5350328065,14484760.559543258
108,2019-01-01,0.0,14611240.877985872,73568284.5761928,83930.65576734685,5232549.492716513,21994476.404298656,13.973717412013967,24777655.62228603,31271443.773552947,14182388.802312318,276544513.87392735,11329.537224005675,1354340.0069247186,28800038.977848303,2087527.014170175,1602682.692045746,15128200.3020702,25003199.543566994,19053.06670932928,132.02279845648036,65245.88638745017,8156621.6496586725,5502182.763758734,1937214.2614337797,0.0,86316003.28839372,3688388.4988662023,5069825.086932099,76501870.65231076,740636.880854711,11966935.72486506
109,2019-02-01,0.0,11290504.31951667,56848219.92349745,64855.50675636552,4043333.7006038288,16995731.77404718,12.703379455766479,19146370.261570852,24164297.471461058,10959118.624539787,213693488.08262342,10790.035449327355,1046535.4603328964,22254575.583074532,1613089.0570770649,1238436.6261882798,11689972.965566643,19320654.200815197,14516.622229150164,114.80243340822308,50417.275865877535,6302844.004637965,4251686.682859725,1496938.293550494,0.0,66698729.841579646,2850118.3866763394,3917592.114263425,59115081.89235233,572310.3172628126,9247177.609434662
110,2019-03-01,0.0,23907806.870244555,76054761.74661632,66127.18334387214,3233959.2763257856,22719309.161283314,12.703379455766479,22973286.156804875,31669332.307832062,13932145.285314903,301542661.28559697,12861.409502233639,1287911.4909629999,26697305.59453624,1695962.578828799,1834526.4309455892,15350583.414571911,22668383.400391147,14413.54727095599,842.1906515952769,59697.116001717535,7258845.845244216,5173117.40443866,1961569.953665321,0.0,94616302.26942308,3728007.5881717117,5726840.008920019,79275945.3452308,1010649.1115265621,7666793.974663186
111,2019-04-01,0.0,19759442.49670537,75901540.69049108,44084.788895914775,3575954.969740571,22504105.962191317,12.703379455766479,22375120.854105312,29286927.53159069,13890994.910345966,291956991.86022156,13754.74103628709,1090630.2510178005,24514250.390139088,1644514.0932305267,1695084.9920138582,13954796.338622453,22095756.672526766,14413.54727095599,1569.5788697823305,78352.46475225427,7355889.238897216,4436537.438279077,2340956.692554746,0.0,101544589.28692302,3244047.171045972,6037900.183992297,82418242.63504776,821072.345359349,10419486.043336814
112,2019-05-01,0.0,20017195.49998506,83514541.92293876,44084.788895914775,3365957.6141350023,22250473.620404318,12.703379455766479,22520923.646638334,29962582.64958387,13978782.376946356,308616324.6709003,14643.798256780474,1187409.727217332,24457751.477588188,1572853.7025757884,1638436.907447843,13939424.23426177,22836353.907231364,14413.54727095599,2296.9670879693845,89545.67400257633,7090637.296245686,4541984.6755398195,2236976.6233776435,0.0,110420829.465865,3361256.334568613,5871260.804489291,88879112.42850079,1037548.5175367749,10829408.598689836
113,2019-06-01,0.0,21685295.124983817,80014030.10223131,44084.788895914775,2717965.7739806687,22142872.020858333,12.703379455766479,23339662.40470836,28800199.674079016,13881393.156186553,319716478.89724624,20029.433342461565,1220910.315132555,28456618.954801656,1672075.7819438863,1625364.2725479926,13004800.28913262,23694021.495188233,14413.54727095599,3024.3553061564385,186553.4875053673,7174741.57074495,5159161.152448268,2040257.573583128,0.0,123353631.89853157,3589373.0936825676,5499099.523599242,121888562.2510418,1319351.8185961456,10866674.285540106
114,2019-07-01,0.0,17318083.861867543,79966885.16188502,22042.394447957387,2699966.000643047,21827753.050759338,12.703379455766479,22917208.159676798,30647844.238448992,14036392.90190286,306544829.8349572,12357.040502146048,1246966.3279555056,28641809.834829602,1675750.6737723353,1355196.4846177637,12303832.330285756,24678939.467114955,14413.54727095599,3751.743524343492,190284.55725547462,7452932.632550213,3681349.1361323064,1891313.1501672796,0.0,111826568.86072004,3444437.0312620993,5532427.399499841,112697342.67832711,819791.4212636248,11147409.126478849
115,2019-08-01,0.0,18932687.580525234,78122792.68757299,22042.394447957387,2804964.678445834,19337544.604123417,12.703379455766479,23264891.741870906,29344566.356822334,13528871.610619359,300516015.3387847,3034.7626276456904,1213465.7400402832,32480597.059815526,1673913.227858111,1573073.7329485938,11682799.314114414,23648211.356959075,14413.54727095599,2961.902782376441,171629.20850493797,7737593.253932339,3623973.43350514,1745178.9988913527,0.0,99064463.35457161,3651128.45940955,5388006.60393057,108761806.92632455,814667.7248807269,9865469.498829395
116,2019-09-01,0.0,17702281.734680664,75983137.70262879,6612.718334387214,2801964.716222898,21458833.28088735,12.703379455766479,23362093.603559587,28460771.03660376,13763428.74794228,297872948.11401385,277.8303814041831,1239521.752863234,35267876.74565977,1749248.5103412967,1485922.833616261,11888785.512547482,21650380.328632258,14413.54727095599,1974.6018549176283,108201.02275311304,7498219.549588276,4711010.394090124,1958759.681525399,0.0,106836194.0089846,3249088.425391032,5499099.523599242,125446639.12127979,1107999.3428016175,10017016.625353847
117,2019-10-01,0.0,19866434.309387516,78999507.25131917,6612.718334387214,2642966.7184072523,21174457.624944355,12.703379455766479,22143331.79930924,29216480.078529797,13711304.939648299,297588982.21383166,277.8303814041831,926849.5989878236,33028322.62871172,1776810.199054658,1560001.0980487438,11664352.7888816,24643309.359603394,14413.54727095599,592.3805564752882,74621.3950021469,7058289.498361355,4804052.07402607,1809815.2581095519,0.0,112358741.63162947,3327227.8677394586,4688121.210017939,118696448.05297163,1088785.4813657512,11937441.68770467
118,2019-11-01,0.0,23727866.09437005,82094753.91174272,6612.718334387214,2849964.1117898854,21797009.73660334,12.703379455766479,22218102.46214669,29459844.007285632,13637234.26470422,302474651.9323482,277.8303814041831,815180.9726037483,36648961.274681695,1760273.1858266403,1668939.722214159,12749623.356745388,23368260.51222538,14413.54727095599,592.3805564752882,171629.20850493797,7394706.596358413,4957570.845920382,1745178.9988913527,0.0,125040519.17235768,3768337.622932191,5615747.089251346,116257335.58349784,1839407.0014602577,12071598.160365662
119,2019-12-01,0.0,23650053.866964858,81046685.62250733,6612.718334387214,2906963.394025682,19053168.94818042,12.703379455766479,18931931.83044099,29069180.858493354,13236703.948339941,284999827.30576205,277.8303814041831,614177.4451124134,40960142.18516261,1337660.62555511,1760448.1665131068,12681986.097558409,21856525.95066342,14413.54727095599,592.3805564752882,190284.55725547462,7776410.611393541,5762381.377366326,1745178.9988913527,0.0,115441327.3046331,3586852.4665100384,5699066.779002848,123197214.11015461,1729247.5292279578,13028084.122856045
120,2020-01-01,0.0,11335757.63654688,46312359.02440151,13465.655751551702,1384487.3486324847,7471514.507875772,11.80118343775416,16928431.776547436,20020203.27368263,8657676.645044459,179950660.01029575,9568.101536846892,428009.52945659176,24537063.161845755,1203937.0538842538,616552.4185448196,10044596.134058455,15649753.379033178,16090.83171348858,111.4968348516231,10180.120326036538,3711966.343550834,3531094.56828451,812781.4561611154,0.0,41650626.462685615,2284790.9021637365,3420857.435463943,59283051.411458075,771388.8948699425,5020007.5146949
121,2020-02-01,0.0,13225050.551410548,54031085.42812499,10405.279448721029,1615235.2370715088,8716766.909666786,10.728348571583952,19749837.0359604,23356903.7759193,10100622.733793568,209942436.28878534,9112.4776523608,499344.45010533655,28626573.6356564,1404593.2269230988,719311.1536330922,11718695.467971573,18258045.574964244,12259.681283914715,96.95376940900478,11876.807024985701,4330627.392766711,4119610.3220145595,948245.0304269412,0.0,48592397.449556865,2665589.3809073125,3991000.333962743,69163559.85158782,899953.7090102569,5856675.422934033
122,2020-03-01,0.0,19213287.74302089,68191920.04995316,10609.304533454544,2579153.3718299535,13598416.02636394,10.728348571583952,23250303.13637838,25639548.12576533,11333983.889492445,291451330.8722763,10861.809232913225,480966.64024737314,29697201.418185364,1409009.8125955248,927376.3641565667,11899447.078513911,19438522.676214043,12172.631685470535,711.2528524795126,40962.86508046988,4906419.276639373,4941134.80847285,1457237.5508963165,0.0,82729838.49725969,3060060.9146053027,5024113.715858218,92399228.9691537,1307866.154104311,9086981.829257509
123,2020-04-01,0.0,19348823.975496233,65293834.27291189,7072.869688969696,2495546.23895138,14526613.397137221,10.728348571583952,20961265.95904618,25826145.406714372,10789526.364138663,264272081.50089276,11616.251947994271,493540.9314956704,29780702.430831347,1446252.3627081814,953136.8187164715,11120517.529407611,19245083.15378378,12172.631685470535,1325.55193555002,56717.813188342916,5671339.87656088,4116084.4693957493,1587771.859201361,0.0,86893466.08050637,2820577.8865057575,5244593.029252555,90625743.71556896,950880.3552172784,9716419.499259187
124,2020-05-01,0.0,19718468.24588355,64233372.238248184,7072.869688969696,2449942.348290339,13676306.714820443,10.728348571583952,21725330.782376382,25923500.509818204,11152111.907618953,262365844.5540311,12367.084889318949,644432.4264752384,26624894.317973208,1440045.2710227382,901615.9095966625,11034835.279005922,19107526.1600556,12172.631685470535,1939.851018620528,107133.64713353656,5403617.666588353,4316453.837457334,1395530.423333931,0.0,92948109.8573661,2790775.5541200363,5047568.961964,91679155.12075478,1136945.6806977924,7903639.009654361
125,2020-06-01,0.0,15081486.231802633,63946243.52850168,7072.869688969696,2313130.6763072177,14234523.315425357,10.728348571583952,21258051.468934774,26156071.033899628,11308498.643624822,285883274.24200755,16915.399822343432,597278.8342941235,28668681.00845084,1391940.3104605565,791213.9614827852,11782607.646147965,18385351.942982633,12172.631685470535,2554.1501016910365,173304.4291866033,5015693.64805673,4123942.091672676,1324329.8915311797,0.0,101877437.44424745,2703497.294990424,5080406.306512091,101711644.69395283,1339237.6334004444,9225458.116657877
126,2020-07-01,0.0,15615416.844584307,61316144.54722381,3536.434844484848,2224456.4444663064,13708761.168343984,10.728348571583952,21128602.46994081,25555714.564759232,11248260.7897559,275073066.0078691,10435.85592966173,663293.8633476843,26168952.280668214,1384181.4458537528,581450.2600664188,10702492.004720567,18447682.455765713,12172.631685470535,3168.4491847615436,163851.4603218795,4988375.055202392,3801779.57831876,1177182.1258054932,0.0,92829391.35193747,2832285.945657291,4503407.252309886,92976906.19135237,1136945.6806977924,9651377.606692346
127,2020-08-01,0.0,15816667.614017408,61339114.84400353,3536.434844484848,2161117.707437083,12637764.202067107,10.728348571583952,21681128.685158927,25701747.219415,10766357.958804455,291399063.0850235,2562.9393670217314,697873.164280502,26540067.892428096,1306592.7997857176,890575.7147852746,10388323.75324769,19277323.074188825,12172.631685470535,2501.4072511275344,107133.64713353656,4988375.055202392,3906547.8753444245,1172435.42368531,0.0,87741455.40499654,2846122.742836376,5024113.715858218,97561106.66891198,636083.7871078039,10303894.657927414
128,2020-09-01,0.0,18437034.775207516,58806256.78575981,1060.9304533454538,2054708.6292279877,11949729.787368026,10.728348571583952,22666203.994576372,25858597.107748974,9941562.728906807,291798757.9287205,234.63529416396145,685298.8730322047,30340026.674269453,1292626.843493471,927376.3641565667,9988473.251373123,19066688.927542545,12172.631685470535,1667.6048340850236,141794.53297085722,5026621.085198466,4756480.684965118,1246009.3065481535,0.0,88267208.78618047,2824835.362560861,4395513.120223297,104986767.09655805,868665.4439584464,10868290.435362248
129,2020-10-01,0.0,18223462.530094847,65446969.5847767,1060.9304533454538,2181386.103286434,10359461.564714484,10.728348571583952,23449212.57385691,24922906.394584246,10338900.880388398,293422133.90927374,234.63529416396145,499828.0771198191,31733035.631268147,1322110.5289993247,1037778.3122704444,10035209.024319498,19311712.322620876,12172.631685470535,500.28145022550694,151247.5018355811,5103113.145190614,4203827.918154745,1395530.423333931,0.0,97425493.49067412,2509782.134483236,530088.5619906429,98137165.74763112,937899.0534395681,10316483.411327444
130,2020-11-01,0.0,23698304.89038702,70795986.02821404,1060.9304533454538,1983769.2437552589,11482385.656629024,10.728348571583952,22274699.704936102,25022965.80610766,10528881.804128872,291918666.3818295,234.63529416396145,559555.9605492313,32231390.8813457,1250728.9746167317,1023058.0525219274,10061173.342623044,19741577.928021457,12172.631685470535,500.28145022550694,154398.49145715567,5469182.289438766,4201208.710729102,1357556.806372464,0.0,106846654.88575977,2891890.6104287338,1196217.5513948137,99384754.3703627,880564.9705880143,10217871.509693854
131,2020-12-01,0.0,23123302.692006756,74880870.47220747,1060.9304533454538,1803887.2305922655,7815032.408468821,10.728348571583952,22296800.75354483,25774763.5467429,9387837.841419337,294922526.86099696,234.63529416396145,697873.164280502,32295010.700504545,1014859.490569904,912656.1044080497,10385727.321417335,19075286.239650555,12172.631685470535,500.28145022550694,126039.58486298421,4349119.982410846,4223471.973847057,1407397.17863439,0.0,103200300.79045217,2676888.0696460293,609836.398750297,100799011.77148768,897873.3729582947,10431880.31749442
132,2021-01-01,0.0,19442962.919699773,75865379.51273328,14711.68798614329,1919637.9054103708,9169142.910485057,12.893195237333664,25305910.089113176,28826817.35751873,10367770.081985323,315372106.144872,10453.477129296798,620059.3501337245,35129906.006538995,1380118.6062965943,891051.0962180262,11952432.895294428,21424598.15903845,17579.782223313174,121.8140932787924,11495.002114151688,3358940.5766951623,5266841.871238009,1042793.194533628,0.0,84653153.0684506,3013377.369655223,620646.0786727843,100113436.5336028,855422.8502533033,11689356.873699825
133,2021-02-01,0.0,16526518.451170748,64485572.46652496,11368.122539488872,1631692.2165801846,7793771.459493827,11.721086570443592,21510023.535952646,24502794.70856074,8812604.553384213,268066289.7272186,9955.692502148462,527050.4466386227,29860420.050316382,1173100.8131818692,757393.4303841447,10159567.942205064,18210908.401492503,13394.119765591822,105.92529847359256,8758.096833446543,2855099.484908953,4476815.5822701985,886374.2137137912,0.0,71955179.97506593,2561370.759468404,724087.0904401818,85096420.89613397,727109.4213701552,9935953.324263334
134,2021-03-01,0.0,26573262.060665563,71704648.7072565,11591.026900280956,1389530.5699448632,10658553.636320349,11.721086570443592,23694271.15167824,31022766.021819063,9894567.396853779,339159467.75527215,11866.896892950488,776188.0660794924,34835950.044557154,1374940.8693207395,812160.4740820447,11902752.47134674,20272132.71740409,13299.01511155503,777.0679897061244,51411.71271313398,3850197.7326941937,5268156.643732337,1423538.8536664424,0.0,104791579.21528728,3130417.597747352,911524.8253923971,103839786.52829641,902953.4395222721,10182279.828212036
135,2021-04-01,0.0,20138601.845367625,67593114.84120698,7727.3512668539715,2150727.5953130657,12942022.878432894,11.721086570443592,23935732.642523702,26496396.73177843,9378197.033856036,316892134.424418,12691.151279998234,611333.9635493346,29488268.97399351,1351205.7618355486,743810.3351741502,10875870.585115205,19311713.13192762,13299.01511155503,1448.2106809386557,77896.53441383934,3700965.2624347294,4817458.832006188,1566152.0357277433,0.0,108349175.0440089,2832725.5825083754,951526.3816887948,103878679.82049085,990412.2805231204,10929561.058287926
136,2021-05-01,0.0,20654631.08160142,66831038.065627895,7727.3512668539715,1882232.6445468273,12218687.901117735,11.721086570443592,24487644.62159904,27282306.804331172,9965441.760402486,327651263.80422276,13511.461866151007,899828.6429771105,31299790.506426528,1369854.7748596272,792057.4920503112,11448882.02439358,19330498.845090978,13299.01511155503,2119.353372171188,82570.32647866974,3265206.449277092,4980568.516249936,1509106.7629032226,0.0,107598744.67388795,2946685.8070920454,915780.3101047792,102812650.03898066,1043596.710861474,10707210.508234672
137,2021-06-01,0.0,24145681.04499179,64806640.923035875,7727.3512668539715,1536233.9966521892,11169143.032072218,11.721086570443592,23528697.557955638,26883442.66976492,8925107.352598215,329297212.4136839,18480.650993807245,868918.4987527061,32033956.30734062,1325775.2895299857,587007.0753266267,11604899.990533728,13394213.485471208,13299.01511155503,2790.49606340372,76338.60372556257,3050311.6921034604,5316803.391664685,1190171.8284752222,0.0,117548895.50734371,2944360.088222991,921737.9887021153,103426103.32950144,1216150.6404036882,10615519.559759105
138,2021-07-01,0.0,17280248.597707376,63770183.04713855,3863.6756334269858,1801960.9582352696,9637374.844816603,11.721086570443592,24546285.2693758,24945258.43068746,8680843.921082124,327180992.772948,11401.528387344591,917000.9453240021,33424092.73510696,1390199.1527040768,615151.2501710536,10688649.025747025,16381141.878444454,13299.01511155503,3461.638754636251,154235.1381394019,3402500.321915799,4227974.71000246,1169428.0929026692,0.0,100557669.59620966,2917614.321228865,817053.0647774982,96200790.36593252,1021141.0624963914,10432137.662807962
139,2021-08-01,0.0,19398212.07164087,68247279.53769743,3863.6756334269858,1713385.3043742438,10367801.341517199,11.721086570443592,26098537.710525203,28995945.308393575,10043909.80575999,338759737.3786886,2800.0986354253396,862049.5778139498,36522938.52200277,1339338.2080929526,639274.8286091347,10220595.127326576,17940356.0710028,13299.01511155503,2732.8727010286193,126192.38575041978,3963614.410091387,4232267.070114139,1117568.753971287,0.0,107079928.61553264,3168791.959086751,911524.8253923971,104023645.72776088,992776.0329826027,12316386.653980924
140,2021-09-01,0.0,19514879.5511372,68637937.99455301,1159.1026900280951,2117511.7251151786,10438716.535371626,11.721086570443592,23963328.241477467,26543669.51809739,9923676.510454139,337604214.2732711,256.3470581727425,865484.038283328,39068625.85534988,1296954.0875836818,570924.6897012395,11063092.144483387,17689097.157442953,13299.01511155503,1821.9151340190804,140213.7619449109,3671118.7683828343,4933352.555021484,1146091.3903835474,0.0,105328924.4185837,3076926.0637590974,797477.8351005379,100431319.83053263,1168875.5912140403,12057359.72453744
141,2021-10-01,0.0,20246294.903364245,78445389.27544099,1159.1026900280951,2657269.615830814,12367609.80821204,11.721086570443592,25988155.314710118,27793443.80640496,10556483.327853333,345152064.3252291,256.3470581727425,917000.9453240021,41851794.828440405,1229139.4947688482,719686.7567360696,10725525.999561971,18146998.9157997,13299.01511155503,546.5745402057239,46737.92064830362,4130754.776781987,4728750.056364851,990513.3735894006,0.0,110294735.26284099,2851331.333460811,96173.95449985142,107734419.37849034,1379249.5601079725,12848194.155139226
142,2021-11-01,0.0,24230938.049239114,81589060.54067276,1159.1026900280951,2696021.464395013,13090944.785527185,11.721086570443592,27047136.42456094,28363671.791377444,10460296.691608656,355971657.1233408,256.3470581727425,862049.5778139498,43735719.29981959,1390199.1527040768,735769.1423614569,10424836.8284555,18663606.02779192,13299.01511155503,546.5745402057239,166698.5836456162,4357588.131576373,5628714.89311326,928282.1668717416,0.0,121504867.9523024,3351360.890307529,217029.72033152296,110693845.33910067,1317791.996161431,12706073.185002098
143,2021-12-01,0.0,29099561.712836243,89408921.89974311,1159.1026900280951,2560389.994420314,14374509.794292312,11.721086570443592,25398299.38707335,28458217.364015367,10073018.91936035,346287432.95787776,256.3470581727425,989124.6151809462,48200084.51524001,1222358.035487365,719686.7567360696,10603548.316943312,19457302.408943623,13299.01511155503,546.5745402057239,157350.99951595554,4405342.5220594,5633007.253224936,1221287.4318340512,0.0,131686633.09752385,3032737.4052470634,110642.6025219529,115196627.84906152,1503346.5642307985,12318678.927692814
144,2022-01-01,0.0,24243540.384382524,92502462.15650448,15095.828472603316,2413227.1733328644,13414278.939418344,13.229852614458467,29711872.972235944,30864059.27252358,10633080.228603365,379820631.6133986,10726.430429654247,784073.1950133966,51340321.63704775,1556078.1272506977,557287.6965989847,12317706.163952125,21403845.588713527,18038.812220515774,124.9948108887551,26063.776386289675,3691984.3715493567,6886161.787969686,634246.8062682576,0.0,99337855.16837406,3423421.6952468515,636851.9203685456,114151601.30978295,944361.1826050805,12997476.98303563
145,2022-02-01,0.0,18471268.83174684,70478066.28078014,11664.95837005907,1838649.271680753,10220402.983454222,12.027138731232428,22637617.462770633,23515473.69001449,8101394.445614389,289387147.38605016,10215.648026247662,597389.0999100453,39116435.46406932,1185583.3329592657,424600.1490415976,9384918.965523427,16307691.84838247,13743.856905701408,108.69113987278449,19858.115306946882,2812940.4686052823,5246599.448256707,483235.6610672572,0.0,75685984.75683828,2608321.287021034,742993.9057167906,86972648.46373998,719513.2807171091,9902839.58867452
146,2022-03-01,0.0,34399303.616869956,91356375.03992265,11893.683041183278,1434333.737295843,16299780.636463843,12.027138731232428,26620724.649201103,29856143.20204465,9598398.88514789,409468136.2310203,12176.756342764991,873986.3498495244,47252132.66816624,1459552.0083224357,870497.2076897601,12408569.062091509,19215993.295050837,13646.268950761232,797.358202213308,116570.95583667746,4514246.3344576,7515441.041655727,1213266.678821416,0.0,109286516.96161218,3522394.714867418,935325.8732515165,114507544.97076866,818597.1302787742,13322452.0400746
147,2022-04-01,0.0,22510801.148825757,81503139.77652635,7929.122027455521,1939900.8763822976,13338168.708320629,12.027138731232428,28213508.333836194,26151410.566697523,9154257.034421252,372794306.3405514,13022.53303789224,937420.8429837641,40338382.3677047,1480427.6031971308,445562.5518032897,11439286.045981616,20066557.010806687,13646.268950761232,1486.0252645538312,176622.66035860218,4354992.054001835,6185300.470501187,1176017.2632435658,0.0,112775395.85208811,3002149.4250021763,976371.9199768391,113154272.33562465,648814.0217765097,12459221.125754794
148,2022-05-01,0.0,19605439.004234016,83674817.20630182,7929.122027455521,2121677.8252673163,12224835.477347882,12.027138731232428,29123164.793727793,28931475.891258348,9272435.12920524,366703831.01945555,13864.262954573902,937420.8429837641,41742528.947102115,1577847.0459457084,569329.9273042033,11878810.777010428,20473767.401635982,13646.268950761232,2174.6923268943547,187220.01998011826,3987482.176026997,6470120.857702048,1125464.4849593402,0.0,115427704.32740907,3092834.3837860245,939692.4739669757,116865794.87115362,510562.06199609477,12400417.92995644
149,2022-06-01,0.0,22022737.1435536,80092837.0029607,7929.122027455521,2317656.0982839772,12952504.255761445,12.027138731232428,29098388.158633474,28873873.665340487,9393210.54475371,394771029.9666442,18963.20379601089,1004379.4746254615,49130271.584947556,1473469.0715722325,581706.664854295,11474215.163679264,19632841.801639397,13646.268950761232,2863.3593892348786,173090.20715143014,4109985.4686852777,7607934.260179717,933896.0619875374,0.0,123555746.4291991,3288522.979056438,945805.7149686195,116345165.85468395,888935.8466582835,13672919.08703278
150,2022-07-01,0.0,22478570.506968156,81072237.77267365,3964.5610137277604,2184163.651446542,13025271.133602807,12.027138731232428,29261206.04639617,29707590.093098644,9375029.299402328,378078233.14713866,11699.236486185977,898655.3194017288,54786976.37623427,1501303.198071826,915878.5787067619,11346141.732121207,20449672.112237796,13646.268950761232,3552.026451575401,349712.8675100325,3577096.1456217603,6511228.954823823,952520.7697764626,0.0,92859316.0822049,3200224.4665563735,838387.3373683053,111440006.06188324,910765.1034657178,11969978.536712501
151,2022-08-01,0.0,23823048.71017068,81154641.34313156,3964.5610137277604,2351739.2761999164,13694726.409743285,12.027138731232428,27671961.881060265,29368040.12979352,9816573.829364479,370740020.3805211,2873.212696365286,902179.4579091865,53158463.51801249,1468250.1728535583,800362.3615725755,11768201.904301187,20418348.236020155,13646.268950761232,2804.231409138475,286128.7097809356,4201862.938178987,5775687.645609227,981788.1677304881,0.0,95473598.62956426,3197838.0202725893,935325.8732515165,112533871.20798495,911977.8399550199,12278107.282695869
152,2022-09-01,0.0,29610751.11231304,85297995.87021701,1189.3683041183274,2874348.0042443415,14560652.256055418,12.027138731232428,27838319.288122155,28112917.944004875,9659435.923113247,383434542.5127203,263.04059896301925,1096007.0758193631,55304058.92610759,1421280.0843854945,874622.7868731241,11747826.585644227,19702718.14089413,13646.268950761232,1869.4876060923173,317920.7886454839,4256989.419875211,6261644.079441621,1050965.6538036389,0.0,108678102.1142267,3287329.7559145456,818300.9740771904,116746068.33774939,908339.6304871137,15460536.239302669
153,2022-10-01,0.0,25954875.450180154,83643915.86738013,1189.3683041183274,2277892.3907153783,13498255.839571616,12.027138731232428,27845398.326720536,27218567.594227955,9847741.678538287,353978287.7905446,263.04059896301925,799979.4411929111,53775099.317430414,1369091.0971987569,433185.81425319816,11293748.055574723,18329286.645197704,13646.268950761232,560.846281827695,105973.59621516132,4152861.6211156733,6028208.81364298,1058947.6714274639,0.0,109609737.34928569,2919817.0282115764,98685.17616939434,113894399.99666856,927743.4143159442,13388311.61936875
154,2022-11-01,0.0,31065734.373313017,86504864.8292148,1189.3683041183274,2294933.9796733498,14662525.885033324,12.027138731232428,27463130.242408108,28024998.75707764,9617878.790881516,386378099.9118237,263.04059896301925,817600.1337302001,56847877.228746645,1294286.882231099,515697.3979204742,11148210.065167835,19664165.677857038,13646.268950761232,560.846281827695,377972.4931674086,4440744.358862629,6480397.8819824895,1125464.4849593402,0.0,125457042.82727861,3094027.6069279173,222696.63648845613,115565129.34917209,1177567.1311121327,16377866.093756959
155,2022-12-01,0.0,33096264.81034147,89185555.98067282,1189.3683041183274,2087594.647351376,17194813.23391252,12.027138731232428,25403130.010280065,28479753.172218464,9168542.298625909,390290204.88604194,263.04059896301925,807027.7182078271,61424354.96900488,986371.8578293454,750855.4113722102,10900795.48147612,19767775.42226922,13646.268950761232,560.846281827695,356777.7739243765,4838880.060002039,6928182.51134467,856736.5582905617,0.0,128993454.12770657,3047491.9043941014,113531.61860195803,120691601.82493196,1980398.6870299825,16836531.020984106
