中文,2000-01-01,2000-02-01,2000-03-01,2000-04-01,2000-05-01,2000-06-01,2000-07-01,2000-08-01,2000-09-01,2000-10-01,2000-11-01,2000-12-01,2001-01-01,2001-02-01,2001-03-01,2001-04-01,2001-05-01,2001-06-01,2001-07-01,2001-08-01,2001-09-01,2001-10-01,2001-11-01,2001-12-01,2002-01-01,2002-02-01,2002-03-01,2002-04-01,2002-05-01,2002-06-01,2002-07-01,2002-08-01,2002-09-01,2002-10-01,2002-11-01,2002-12-01,2003-01-01,2003-02-01,2003-03-01,2003-04-01,2003-05-01,2003-06-01,2003-07-01,2003-08-01,2003-09-01,2003-10-01,2003-11-01,2003-12-01,2004-01-01,2004-02-01,2004-03-01,2004-04-01,2004-05-01,2004-06-01,2004-07-01,2004-08-01,2004-09-01,2004-10-01,2004-11-01,2004-12-01,2005-01-01,2005-02-01,2005-03-01,2005-04-01,2005-05-01,2005-06-01,2005-07-01,2005-08-01,2005-09-01,2005-10-01,2005-11-01,2005-12-01,2006-01-01,2006-02-01,2006-03-01,2006-04-01,2006-05-01,2006-06-01,2006-07-01,2006-08-01,2006-09-01,2006-10-01,2006-11-01,2006-12-01,2007-01-01,2007-02-01,2007-03-01,2007-04-01,2007-05-01,2007-06-01,2007-07-01,2007-08-01,2007-09-01,2007-10-01,2007-11-01,2007-12-01,2008-01-01,2008-02-01,2008-03-01,2008-04-01,2008-05-01,2008-06-01,2008-07-01,2008-08-01,2008-09-01,2008-10-01,2008-11-01,2008-12-01,2009-01-01,2009-02-01,2009-03-01,2009-04-01,2009-05-01,2009-06-01,2009-07-01,2009-08-01,2009-09-01,2009-10-01,2009-11-01,2009-12-01,2010-01-01,2010-02-01,2010-03-01,2010-04-01,2010-05-01,2010-06-01,2010-07-01,2010-08-01,2010-09-01,2010-10-01,2010-11-01,2010-12-01,2011-01-01,2011-02-01,2011-03-01,2011-04-01,2011-05-01,2011-06-01,2011-07-01,2011-08-01,2011-09-01,2011-10-01,2011-11-01,2011-12-01,2012-01-01,2012-02-01,2012-03-01,2012-04-01,2012-05-01,2012-06-01,2012-07-01,2012-08-01,2012-09-01,2012-10-01,2012-11-01,2012-12-01,2013-01-01,2013-02-01,2013-03-01,2013-04-01,2013-05-01,2013-06-01,2013-07-01,2013-08-01,2013-09-01,2013-10-01,2013-11-01,2013-12-01,2014-01-01,2014-02-01,2014-03-01,2014-04-01,2014-05-01,2014-06-01,2014-07-01,2014-08-01,2014-09-01,2014-10-01,2014-11-01,2014-12-01,2015-01-01,2015-02-01,2015-03-01,2015-04-01,2015-05-01,2015-06-01,2015-07-01,2015-08-01,2015-09-01,2015-10-01,2015-11-01,2015-12-01,2016-01-01,2016-02-01,2016-03-01,2016-04-01,2016-05-01,2016-06-01,2016-07-01,2016-08-01,2016-09-01,2016-10-01,2016-11-01,2016-12-01,2017-01-01,2017-02-01,2017-03-01,2017-04-01,2017-05-01,2017-06-01,2017-07-01,2017-08-01,2017-09-01,2017-10-01,2017-11-01,2017-12-01,2018-01-01,2018-02-01,2018-03-01,2018-04-01,2018-05-01,2018-06-01,2018-07-01,2018-08-01,2018-09-01,2018-10-01,2018-11-01,2018-12-01,2019-01-01,2019-02-01,2019-03-01,2019-04-01,2019-05-01,2019-06-01,2019-07-01,2019-08-01,2019-09-01,2019-10-01,2019-11-01,2019-12-01,2020-01-01,2020-02-01,2020-03-01,2020-04-01,2020-05-01,2020-06-01,2020-07-01,2020-08-01,2020-09-01,2020-10-01,2020-11-01,2020-12-01,2021-01-01,2021-02-01,2021-03-01,2021-04-01,2021-05-01,2021-06-01,2021-07-01,2021-08-01,2021-09-01,2021-10-01,2021-11-01,2021-12-01,2022-01-01,2022-02-01,2022-03-01,2022-04-01,2022-05-01,2022-06-01,2022-07-01,2022-08-01,2022-09-01,2022-10-01,2022-11-01,2022-12-01
上海,0.0,0.0,0.0,0.0,0.0,0.0,0.0,0.0,0.0,0.0,0.0,0.0,0.0,0.0,0.0,0.0,0.0,0.0,0.0,0.0,0.0,0.0,0.0,0.0,0.0,0.0,0.0,0.0,0.0,0.0,0.0,0.0,0.0,0.0,0.0,0.0,0.0,0.0,0.0,0.0,0.0,0.0,0.0,0.0,0.0,0.0,0.0,0.0,0.0,0.0,0.0,0.0,0.0,0.0,0.0,0.0,0.0,0.0,0.0,0.0,0.0,0.0,0.0,0.0,0.0,0.0,0.0,0.0,0.0,0.0,0.0,0.0,0.0,0.0,0.0,0.0,0.0,0.0,0.0,0.0,0.0,0.0,0.0,0.0,0.0,0.0,0.0,0.0,0.0,0.0,0.0,0.0,0.0,0.0,0.0,0.0,0.0,0.0,0.0,0.0,0.0,0.0,0.0,0.0,0.0,0.0,0.0,0.0,0.0,0.0,0.0,0.0,0.0,0.0,0.0,0.0,0.0,0.0,0.0,0.0,0.0,0.0,0.0,0.0,0.0,0.0,0.0,0.0,0.0,0.0,0.0,0.0,0.0,0.0,0.0,0.0,0.0,0.0,0.0,0.0,0.0,0.0,0.0,0.0,0.0,0.0,0.0,0.0,0.0,0.0,0.0,0.0,0.0,0.0,0.0,0.0,0.0,0.0,0.0,0.0,0.0,0.0,0.0,0.0,0.0,0.0,0.0,0.0,0.0,0.0,0.0,0.0,0.0,0.0,0.0,0.0,0.0,0.0,0.0,0.0,0.0,0.0,0.0,0.0,0.0,0.0,0.0,0.0,0.0,0.0,0.0,0.0,0.0,0.0,0.0,0.0,0.0,0.0,0.0,0.0,0.0,0.0,0.0,0.0,0.0,0.0,0.0,0.0,0.0,0.0,0.0,0.0,0.0,0.0,0.0,0.0,0.0,0.0,0.0,0.0,0.0,0.0,0.0,0.0,0.0,0.0,0.0,0.0,0.0,0.0,0.0,0.0,0.0,0.0,0.0,0.0,0.0,0.0,0.0,0.0,0.0,0.0,0.0,0.0,0.0,0.0,0.0,0.0,0.0,0.0,0.0,0.0,0.0,0.0,0.0,0.0,0.0,0.0,0.0,0.0,0.0,0.0,0.0,0.0,0.0,0.0,0.0,0.0,0.0,0.0,0.0,0.0,0.0,0.0,0.0,0.0
云南,0.0,0.0,0.0,0.0,0.0,0.0,0.0,0.0,0.0,0.0,0.0,0.0,0.0,0.0,0.0,0.0,0.0,0.0,0.0,0.0,0.0,0.0,0.0,0.0,0.0,0.0,0.0,0.0,0.0,0.0,0.0,0.0,0.0,0.0,0.0,0.0,0.0,0.0,0.0,0.0,0.0,0.0,0.0,0.0,0.0,0.0,0.0,0.0,0.0,0.0,0.0,0.0,0.0,0.0,0.0,0.0,0.0,0.0,0.0,0.0,0.0,0.0,0.0,0.0,0.0,0.0,0.0,0.0,0.0,0.0,0.0,0.0,0.0,0.0,0.0,0.0,0.0,0.0,0.0,0.0,0.0,0.0,0.0,0.0,0.0,0.0,0.0,0.0,0.0,0.0,0.0,0.0,0.0,0.0,0.0,0.0,0.0,0.0,0.0,0.0,0.0,0.0,0.0,0.0,0.0,0.0,0.0,0.0,0.0,0.0,0.0,0.0,0.0,0.0,0.0,0.0,0.0,0.0,0.0,0.0,0.0,0.0,0.0,0.0,0.0,0.0,0.0,0.0,0.0,0.0,0.0,0.0,0.0,0.0,0.0,0.0,0.0,0.0,0.0,0.0,0.0,0.0,0.0,0.0,0.0,0.0,0.0,0.0,0.0,0.0,0.0,0.0,0.0,0.0,0.0,0.0,0.0,0.0,0.0,0.0,0.0,0.0,0.0,0.0,0.0,0.0,0.0,0.0,0.0,0.0,0.0,0.0,0.0,0.0,0.0,0.0,0.0,0.0,0.0,0.0,0.0,0.0,0.0,0.0,0.0,0.0,0.0,0.0,0.0,0.0,0.0,0.0,0.0,0.0,0.0,0.0,0.0,0.0,0.0,0.0,0.0,0.0,0.0,0.0,0.0,0.0,0.0,0.0,0.0,0.0,0.0,0.0,0.0,0.0,0.0,0.0,0.0,0.0,0.0,0.0,0.0,0.0,0.0,0.0,0.0,0.0,0.0,0.0,0.0,0.0,0.0,0.0,0.0,0.0,0.0,0.0,0.0,0.0,0.0,0.0,0.0,0.0,0.0,0.0,0.0,0.0,0.0,0.0,0.0,0.0,0.0,0.0,0.0,0.0,0.0,0.0,0.0,0.0,0.0,0.0,0.0,0.0,0.0,0.0,0.0,0.0,0.0,0.0,0.0,0.0,0.0,0.0,0.0,0.0,0.0,0.0
内蒙古,1420229.4386971293,1082079.570434149,1402633.0782940187,1251352.1884534,1284694.8708557666,1229699.2132806377,1244736.3676763298,1246001.5445580005,1309616.2196395118,1284220.4295251397,1328145.7893856487,1369303.574817503,1190194.768884546,1034951.972652847,1279317.4347524736,1265646.2144527284,1416926.1112122035,1555082.6325655482,1316396.5732339318,1355916.1116960368,1523780.7675076616,1717618.2516847407,1846635.7241309693,2502231.747503266,901090.7640204175,783557.1858849742,1619803.0361339229,1594477.6608245587,1682879.9050214537,1743416.7657658628,1677675.3785321154,1875746.2096143977,1923358.9112776266,1992785.8005229628,2311830.7449315875,2721842.8437208487,1863318.933354189,1620277.3328970866,2007627.4167317937,2035667.1144686115,2165481.4522146434,2300226.3940032064,2474142.2456852105,2376750.364824913,2743607.2272217176,2885847.683236553,3214255.794917863,3249865.7130028093,2447040.5257015354,2224582.294393533,3350469.9571029376,3302409.018708569,3011528.282239856,3738344.141782046,3333561.471522743,3579917.3593649627,3690781.244200054,4150323.501780195,4498229.911266061,5222630.272868222,3548473.3708034456,3379498.4477244266,4082266.2247688957,4176744.5668767886,4296000.439400431,4677101.269031214,4232276.11745681,4390428.977427086,4852411.634987873,5572155.314994311,5521404.956213107,5388303.549105388,4998288.976562077,4543899.066132002,5445628.046609966,5188035.436665022,5043983.033468638,5480640.315720061,5886568.479847832,6020367.144092878,6751242.036255939,7183167.930789782,7581575.678650661,9233178.620654847,6761903.585226134,5879916.159417271,7514066.246532977,7783157.6974602025,7529804.3362040855,7892925.892508063,8059819.368735554,7270449.583158829,7826711.366502558,7477584.757026371,7443269.745053604,8615981.543916807,8191010.114454817,7478748.357196262,8840946.578867441,8576138.27892666,9507125.969502747,10275727.453203356,9848010.003534097,10010919.153262572,10948605.49276513,10869939.946450202,10964069.659989432,8005034.879374098,10524093.654713351,9567357.860615246,12263931.278252453,11683639.025711536,12499579.288628569,14512139.56552777,13426752.111092053,14056678.986484244,14553225.676423984,15133642.439167997,15419741.983837888,9976977.671899088,16669798.93730917,12700799.167953199,16463263.442440556,14687619.347206367,15078975.698887045,14433469.74807144,14609966.822090276,14624816.707371442,15371487.501664976,15073406.991906606,15588976.446512021,16072061.777064893,20675886.399495605,15753056.276622219,20419716.27738276,18217349.246018704,18702756.388570413,17902122.39415607,18121035.25963097,18139453.870573644,19065564.65203495,18695849.409466907,19335320.558132857,19934500.995361708,21669711.820016686,16510256.59568512,21401228.39851659,19093000.447877005,19601739.59894575,18762621.623684924,18992056.948336877,19011360.884503912,19981986.924902674,19594500.622883115,20264709.156682376,20892690.330116253,22184863.32727049,16902752.981472667,21909997.28100791,19546896.099116623,20067729.44611418,19208663.218042716,19443552.88164912,19463315.72801741,20457016.34697283,20060318.378726073,20746459.70107503,21389369.796993356,22700014.83452428,17295249.367260206,22418766.163499217,20000791.75035624,20533719.293282602,19654704.812400494,19895048.814961363,19915270.571530897,20932045.76904298,20526136.134569027,21228210.245467667,21886049.26387045,20835173.966473486,15874418.23220106,19489084.049525604,18816679.148735587,18545655.29945634,18943619.043932986,18487182.070818014,18218909.149965934,19886251.92478407,19537569.81673293,18563049.125808198,18597279.719863266,17389435.71325439,15650492.171664884,18236635.916600864,16863910.927487105,16246091.299733594,16581770.807275608,16558611.909500083,16879350.19267079,17003611.37535882,16174622.443157515,19301322.66325952,20255070.818961237,17059640.966751218,17059640.966751218,21183916.934044104,19652690.45639141,19767986.904456653,19772967.31258042,18296774.34469537,18571692.873127405,18728824.749432307,17438899.045376204,18396631.527576935,21627920.318278085,19368002.662348993,14966183.881694071,20418926.246233225,19223877.31693492,19514484.130956825,17805955.124097962,16874618.80495321,19578233.354941063,19832981.230471835,21001633.996714167,21797752.235298596,22033325.53955286,20206626.76857572,15614211.600412304,20889574.813929368,20847490.365283523,22938514.716047827,21977046.92775427,21964097.866632473,21457590.360445194,20869902.201840483,21698393.093229413,22548548.759956736,22260681.1704029,15062133.371280737,17572488.900526237,22178006.395548344,21235464.15812511,20890570.895554125,20797188.24323346,19941803.147976182,19949273.760161836,19125514.256490488,21285268.239362795,23024924.79699521,24353448.66401052,22583862.56486304,19196283.14462046,21345282.15725421,20121346.860838044,19894489.27080038,19291859.88782436,18983323.60455689,20316080.8184774,20432373.3481674,23351888.59032063,24287707.276776776,26615550.03382628,26835731.20531187,20446271.358498946,26503241.830635294,23644736.587998234,24274758.215654977,23235596.06063063,23519728.344091635,23543634.30308573,24745655.80375731,24265793.481032193,25095778.49485825,25873469.223384738
北京,0.0,0.0,0.0,0.0,0.0,0.0,0.0,0.0,0.0,0.0,0.0,0.0,0.0,0.0,0.0,0.0,0.0,0.0,0.0,0.0,0.0,0.0,0.0,0.0,0.0,0.0,0.0,0.0,0.0,0.0,0.0,0.0,0.0,0.0,0.0,0.0,0.0,0.0,0.0,0.0,0.0,0.0,0.0,0.0,0.0,0.0,0.0,0.0,0.0,0.0,0.0,0.0,0.0,0.0,0.0,0.0,0.0,0.0,0.0,0.0,0.0,0.0,0.0,0.0,0.0,0.0,0.0,0.0,0.0,0.0,0.0,0.0,0.0,0.0,0.0,0.0,0.0,0.0,0.0,0.0,0.0,0.0,0.0,0.0,0.0,0.0,0.0,0.0,0.0,0.0,0.0,0.0,0.0,0.0,0.0,0.0,0.0,0.0,0.0,0.0,0.0,0.0,0.0,0.0,0.0,0.0,0.0,0.0,0.0,0.0,0.0,0.0,0.0,0.0,0.0,0.0,0.0,0.0,0.0,0.0,0.0,0.0,0.0,0.0,0.0,0.0,0.0,0.0,0.0,0.0,0.0,0.0,0.0,0.0,0.0,0.0,0.0,0.0,0.0,0.0,0.0,0.0,0.0,0.0,0.0,0.0,0.0,0.0,0.0,0.0,0.0,0.0,0.0,0.0,0.0,0.0,0.0,0.0,0.0,0.0,0.0,0.0,0.0,0.0,0.0,0.0,0.0,0.0,0.0,0.0,0.0,0.0,0.0,0.0,0.0,0.0,0.0,0.0,0.0,0.0,0.0,0.0,0.0,0.0,0.0,0.0,0.0,0.0,0.0,0.0,0.0,0.0,0.0,0.0,0.0,0.0,0.0,0.0,0.0,0.0,0.0,0.0,0.0,0.0,0.0,0.0,0.0,0.0,0.0,0.0,0.0,0.0,0.0,0.0,0.0,0.0,0.0,0.0,0.0,0.0,0.0,0.0,0.0,0.0,0.0,0.0,0.0,0.0,0.0,0.0,0.0,0.0,0.0,0.0,0.0,0.0,0.0,0.0,0.0,0.0,0.0,0.0,0.0,0.0,0.0,0.0,0.0,0.0,0.0,0.0,0.0,0.0,0.0,0.0,0.0,0.0,0.0,0.0,0.0,0.0,0.0,0.0,0.0,0.0,0.0,0.0,0.0,0.0,0.0,0.0,0.0,0.0,0.0,0.0,0.0,0.0
吉林,0.0,0.0,0.0,0.0,0.0,0.0,0.0,0.0,0.0,0.0,0.0,0.0,0.0,0.0,0.0,0.0,0.0,0.0,0.0,0.0,0.0,0.0,0.0,0.0,0.0,0.0,0.0,0.0,0.0,0.0,0.0,0.0,0.0,0.0,0.0,0.0,0.0,0.0,0.0,0.0,0.0,0.0,0.0,0.0,0.0,0.0,0.0,0.0,0.0,0.0,0.0,0.0,0.0,0.0,0.0,0.0,0.0,0.0,0.0,0.0,0.0,0.0,0.0,0.0,0.0,0.0,0.0,0.0,0.0,0.0,0.0,0.0,0.0,0.0,0.0,0.0,0.0,0.0,0.0,0.0,0.0,0.0,0.0,0.0,0.0,0.0,0.0,0.0,0.0,0.0,0.0,0.0,0.0,0.0,0.0,0.0,0.0,0.0,0.0,0.0,0.0,0.0,0.0,0.0,0.0,0.0,0.0,0.0,0.0,0.0,0.0,0.0,0.0,0.0,0.0,0.0,0.0,0.0,0.0,0.0,0.0,0.0,0.0,0.0,0.0,0.0,0.0,0.0,0.0,0.0,0.0,0.0,0.0,0.0,0.0,0.0,0.0,0.0,0.0,0.0,0.0,0.0,0.0,0.0,0.0,0.0,0.0,0.0,0.0,0.0,0.0,0.0,0.0,0.0,0.0,0.0,0.0,0.0,0.0,0.0,0.0,0.0,0.0,0.0,0.0,0.0,0.0,0.0,0.0,0.0,0.0,0.0,0.0,0.0,0.0,0.0,0.0,0.0,0.0,0.0,0.0,0.0,0.0,0.0,0.0,0.0,0.0,0.0,0.0,0.0,0.0,0.0,0.0,0.0,0.0,0.0,0.0,0.0,0.0,0.0,0.0,0.0,0.0,0.0,0.0,0.0,0.0,0.0,0.0,0.0,0.0,0.0,0.0,0.0,0.0,0.0,0.0,0.0,0.0,0.0,0.0,0.0,0.0,0.0,0.0,0.0,0.0,0.0,0.0,0.0,0.0,0.0,0.0,0.0,0.0,0.0,0.0,0.0,0.0,0.0,0.0,0.0,0.0,0.0,0.0,0.0,0.0,0.0,0.0,0.0,0.0,0.0,0.0,0.0,0.0,0.0,0.0,0.0,0.0,0.0,0.0,0.0,0.0,0.0,0.0,0.0,0.0,0.0,0.0,0.0,0.0,0.0,0.0,0.0,0.0,0.0
四川,0.0,0.0,0.0,0.0,0.0,0.0,0.0,0.0,0.0,0.0,0.0,0.0,0.0,0.0,0.0,0.0,0.0,0.0,0.0,0.0,0.0,0.0,0.0,0.0,0.0,0.0,0.0,0.0,0.0,0.0,0.0,0.0,0.0,0.0,0.0,0.0,0.0,0.0,0.0,0.0,0.0,0.0,0.0,0.0,0.0,0.0,0.0,0.0,0.0,0.0,0.0,0.0,0.0,0.0,0.0,0.0,0.0,0.0,0.0,0.0,0.0,0.0,0.0,0.0,0.0,0.0,0.0,0.0,0.0,0.0,0.0,0.0,0.0,0.0,0.0,0.0,0.0,0.0,0.0,0.0,0.0,0.0,0.0,0.0,0.0,0.0,0.0,0.0,0.0,0.0,0.0,0.0,0.0,0.0,0.0,0.0,0.0,0.0,0.0,0.0,0.0,0.0,0.0,0.0,0.0,0.0,0.0,0.0,0.0,0.0,0.0,0.0,0.0,0.0,0.0,0.0,0.0,0.0,0.0,0.0,0.0,0.0,0.0,0.0,0.0,0.0,0.0,0.0,0.0,0.0,0.0,0.0,0.0,0.0,0.0,0.0,0.0,0.0,0.0,0.0,0.0,0.0,0.0,0.0,0.0,0.0,0.0,0.0,0.0,0.0,0.0,0.0,0.0,0.0,0.0,0.0,0.0,0.0,0.0,0.0,0.0,0.0,0.0,0.0,0.0,0.0,0.0,0.0,0.0,0.0,0.0,0.0,0.0,0.0,0.0,0.0,0.0,0.0,0.0,0.0,0.0,0.0,0.0,0.0,0.0,0.0,0.0,0.0,0.0,0.0,0.0,0.0,0.0,0.0,0.0,0.0,0.0,0.0,0.0,0.0,0.0,0.0,0.0,0.0,0.0,0.0,0.0,0.0,0.0,0.0,0.0,0.0,0.0,0.0,0.0,0.0,0.0,0.0,0.0,0.0,0.0,0.0,0.0,0.0,0.0,0.0,0.0,0.0,0.0,0.0,0.0,0.0,0.0,0.0,0.0,0.0,0.0,0.0,0.0,0.0,0.0,0.0,0.0,0.0,0.0,0.0,0.0,0.0,0.0,0.0,0.0,0.0,0.0,0.0,0.0,0.0,0.0,0.0,0.0,0.0,0.0,0.0,0.0,0.0,0.0,0.0,0.0,0.0,0.0,0.0,0.0,0.0,0.0,0.0,0.0,0.0
天津,0.0,0.0,0.0,0.0,0.0,0.0,0.0,0.0,0.0,0.0,0.0,0.0,0.0,0.0,0.0,0.0,0.0,0.0,0.0,0.0,0.0,0.0,0.0,0.0,0.0,0.0,0.0,0.0,0.0,0.0,0.0,0.0,0.0,0.0,0.0,0.0,0.0,0.0,0.0,0.0,0.0,0.0,0.0,0.0,0.0,0.0,0.0,0.0,0.0,0.0,0.0,0.0,0.0,0.0,0.0,0.0,0.0,0.0,0.0,0.0,0.0,0.0,0.0,0.0,0.0,0.0,0.0,0.0,0.0,0.0,0.0,0.0,0.0,0.0,0.0,0.0,0.0,0.0,0.0,0.0,0.0,0.0,0.0,0.0,0.0,0.0,0.0,0.0,0.0,0.0,0.0,0.0,0.0,0.0,0.0,0.0,0.0,0.0,0.0,0.0,0.0,0.0,0.0,0.0,0.0,0.0,0.0,0.0,3.68500000134,3.34999999866,3.34999999866,3.34999999866,3.34999999866,3.34999999866,3.34999999866,3.34999999866,3.34999999866,3.34999999866,3.34999999866,3.34999999866,3.6545454556206765,3.322314048027211,3.322314048027211,3.322314048027211,3.322314048027211,3.322314048027211,3.322314048027211,3.322314048027211,3.322314048027211,3.322314048027211,3.322314048027211,3.322314048027211,3.6545454556206765,3.322314048027211,3.322314048027211,3.322314048027211,3.322314048027211,3.322314048027211,3.322314048027211,3.322314048027211,3.322314048027211,3.322314048027211,3.322314048027211,3.322314048027211,3.6545454556206765,3.322314048027211,3.322314048027211,3.322314048027211,3.322314048027211,3.322314048027211,3.322314048027211,3.322314048027211,3.322314048027211,3.322314048027211,3.322314048027211,3.322314048027211,3.6545454556206765,3.322314048027211,3.322314048027211,3.322314048027211,3.322314048027211,3.322314048027211,3.322314048027211,3.322314048027211,3.322314048027211,3.322314048027211,3.322314048027211,3.322314048027211,3.6545454556206765,3.322314048027211,3.322314048027211,3.322314048027211,3.322314048027211,3.322314048027211,3.322314048027211,3.322314048027211,3.322314048027211,3.322314048027211,3.322314048027211,3.322314048027211,3.6545454556206765,3.322314048027211,3.322314048027211,3.322314048027211,3.322314048027211,3.322314048027211,3.322314048027211,3.322314048027211,3.322314048027211,3.322314048027211,3.322314048027211,3.322314048027211,3.6545454556206765,3.322314048027211,3.322314048027211,3.322314048027211,3.322314048027211,3.322314048027211,3.322314048027211,3.322314048027211,3.322314048027211,3.322314048027211,3.322314048027211,3.322314048027211,3.6545454556206765,3.322314048027211,3.322314048027211,3.322314048027211,3.322314048027211,3.322314048027211,3.322314048027211,3.322314048027211,3.322314048027211,3.322314048027211,3.322314048027211,3.322314048027211,3.6545454556206765,3.322314048027211,3.322314048027211,3.322314048027211,3.322314048027211,3.322314048027211,3.322314048027211,3.322314048027211,3.322314048027211,3.322314048027211,3.322314048027211,3.322314048027211,3.6545454556206765,3.322314048027211,3.322314048027211,3.322314048027211,3.322314048027211,3.322314048027211,3.322314048027211,3.322314048027211,3.322314048027211,3.322314048027211,3.322314048027211,3.322314048027211,3.6545454556206765,3.322314048027211,3.322314048027211,3.322314048027211,3.322314048027211,3.322314048027211,3.322314048027211,3.322314048027211,3.322314048027211,3.322314048027211,3.322314048027211,3.322314048027211,3.6545454556206765,3.322314048027211,3.322314048027211,3.322314048027211,3.322314048027211,3.322314048027211,3.322314048027211,3.322314048027211,3.322314048027211,3.322314048027211,3.322314048027211,3.322314048027211,3.6545454556206765,3.322314048027211,3.322314048027211,3.322314048027211,3.322314048027211,3.322314048027211,3.322314048027211,3.322314048027211,3.322314048027211,3.322314048027211,3.322314048027211,3.322314048027211
宁夏,423676.8157873931,322801.3828883161,379598.54849492956,402310.86691305455,415282.1243207393,414928.8215897907,417250.52525031014,394588.67865089205,396960.85413011845,397061.7977675324,391610.8413471823,362236.2428597407,347244.63958017656,301951.8604198235,430776.5,519585.00000000006,471143.99999999994,475130.5000000001,480825.5,369940.5,405417.0,403373.5,534492.5,456169.49999999994,471205.5465730896,409743.95342691056,520623.50000000006,528630.0,481663.0,507659.00000000006,303543.5,425115.0,520054.00000000006,497441.50000000006,538479.0,362068.0,511181.95355504804,444506.0464449521,588260.0,619683.0,554291.0,594457.5,582598.5,604072.0,630503.5,606718.5000000001,583771.0,554458.5,587775.047832784,534340.952167216,636701.0,712243.5,690234.0,662697.0,630771.5,660084.0,637572.0,755894.0,789059.0,638912.0,639893.3049389911,609422.1950610091,682428.5,681222.5,676934.5,720283.5,748155.5,832475.0,753616.0,757535.5,785005.5,787786.0,770042.1669466821,700038.333053318,853781.0,803781.5800000001,897565.5,927313.5,743331.5,886979.5,969791.5,976257.0000000001,1027947.5000000001,1069688.5,898958.4768614416,781703.0231385586,992069.0000000001,961483.5,1128246.5,1177156.5,1007546.0000000001,1181143.0,1102284.0,969456.5,1162148.5000000002,1124695.5,1017287.6482580315,928827.8517419685,1087979.5,1152701.5,1132300.0,1142886.0000000002,1021616.0000000001,1004162.5000000001,1242850.0,1474737.0,1587163.0,1412527.5,1317597.5454791265,1197815.9495208736,1092669.5,1708265.5,1620864.0,1587055.0831000002,1496363.5347000002,1499661.0,1774863.4999999998,1898043.0,1787191.5,1437351.0,1959672.3095533773,1493083.6617909495,1755792.9452657662,1860846.3723857761,1920843.5518743151,1919209.3874524485,1929948.182224716,1825128.2071649726,1836100.4539975075,1836567.3581180405,1811354.535609238,1675485.4365340255,2178291.4446636443,1659650.6215814874,1951667.4969729302,2068440.582152802,2135130.988577751,2133314.5183638423,2145251.3226266736,2028737.7331916455,2040934.033199321,2041453.0246890096,2013427.48424584,1862400.9607465388,2245832.9352391604,1711110.8047864507,2012182.1412260055,2132575.966987434,2201334.218588961,2199461.425743783,2211768.350154951,2091642.0662285478,2104216.532474742,2104751.6161447926,2075857.0979620495,1920147.7499772692,2261721.5614813315,1723216.4247591572,2026417.754869149,2147663.332543809,2216908.0291268923,2215021.986807509,2227415.9791920297,2106439.836134424,2119103.2631360004,2119642.1323701097,2090543.1937281913,1933732.2466022978,2277610.1877235025,1735322.0447318633,2040653.3685122926,2162750.698100184,2232481.839664824,2230582.5478712353,2243063.6082291086,2121237.606040301,2133989.9937972585,2134532.6485954267,2105229.2894943333,1947316.7432273265,2121717.97458952,1616547.02541048,2073315.0000000002,1926618.5,2020758.5250000001,2179735.12,2184421.77,2220579.66,1958438.4750000003,2205296.625,2322852.145,2132545.0100000002,1616110.5248612901,1454499.47513871,2002060.5000000002,1937305.0,2022395.0000000002,2052545.0000000002,1985210.0000000002,1949365.0,2008325.0000000002,1911175.0,1881025.0,1702470.0,1804310.0,1804310.0,2167115.0,2065275.0000000002,2245505.0,2111505.0,2196595.0,2036465.0000000002,2038140.0000000002,2096095.0000000002,2046515.0000000002,2077670.0000000002,2317203.58932228,1790566.41067772,2142325.0,2115860.0,2019715.0000000002,2130265.0,2012010.0000000002,2030770.0000000002,1934625.0,1989900.0000000002,2205640.0,2155390.0,2220259.7431860603,1715655.2568139406,2058575.0000000002,2004975.0000000002,2018040.0000000002,2091405.0000000002,2053550.0000000002,2084705.0000000002,2093415.0000000002,1984205.0000000002,1990905.0000000002,1696440.0,1796166.92487309,2095528.07512691,2466940.0,2224065.0,2305135.0,2255555.0,2241820.0,2300445.0,2404965.0,2488045.0,2363425.0,2365770.0,2457632.4345214204,2088987.5654785803,2301115.0,2324565.0,2378165.0,2285035.0,2383860.0,2534610.0,2327245.0,2523890.0,2626735.0,2466605.0,2812098.6507912003,2142551.3492088,2519535.0,2670285.0,2756380.0,2754035.0,2769445.0,2619030.0,2634775.0,2635445.0,2599265.0,2404295.0
安徽,0.0,0.0,0.0,0.0,0.0,0.0,0.0,0.0,0.0,0.0,0.0,0.0,0.0,0.0,0.0,0.0,0.0,0.0,0.0,0.0,0.0,0.0,0.0,0.0,0.0,0.0,0.0,0.0,0.0,0.0,0.0,0.0,0.0,0.0,0.0,0.0,0.0,0.0,0.0,0.0,0.0,0.0,0.0,0.0,0.0,0.0,0.0,0.0,0.0,0.0,0.0,0.0,0.0,0.0,0.0,0.0,0.0,0.0,0.0,0.0,0.0,0.0,0.0,0.0,0.0,0.0,0.0,0.0,0.0,0.0,0.0,0.0,0.0,0.0,0.0,0.0,0.0,0.0,0.0,0.0,0.0,0.0,0.0,0.0,0.0,0.0,0.0,0.0,0.0,0.0,0.0,0.0,0.0,0.0,0.0,0.0,0.0,0.0,0.0,0.0,0.0,0.0,0.0,0.0,0.0,0.0,0.0,0.0,0.0,0.0,0.0,0.0,0.0,0.0,0.0,0.0,0.0,0.0,0.0,0.0,0.0,0.0,0.0,0.0,0.0,0.0,0.0,0.0,0.0,0.0,0.0,0.0,0.0,0.0,0.0,0.0,0.0,0.0,0.0,0.0,0.0,0.0,0.0,0.0,0.0,0.0,0.0,0.0,0.0,0.0,0.0,0.0,0.0,0.0,0.0,0.0,0.0,0.0,0.0,0.0,0.0,0.0,0.0,0.0,0.0,0.0,0.0,0.0,0.0,0.0,0.0,0.0,0.0,0.0,0.0,0.0,0.0,0.0,0.0,0.0,0.0,0.0,0.0,0.0,0.0,0.0,0.0,0.0,0.0,0.0,0.0,0.0,0.0,0.0,0.0,0.0,0.0,0.0,0.0,0.0,0.0,0.0,0.0,0.0,0.0,0.0,0.0,0.0,0.0,0.0,0.0,0.0,0.0,0.0,0.0,0.0,0.0,0.0,0.0,0.0,0.0,0.0,0.0,0.0,0.0,0.0,0.0,0.0,0.0,0.0,0.0,0.0,0.0,0.0,0.0,0.0,0.0,0.0,0.0,0.0,0.0,0.0,0.0,0.0,0.0,0.0,0.0,0.0,0.0,0.0,0.0,0.0,0.0,0.0,0.0,0.0,0.0,0.0,0.0,0.0,0.0,0.0,0.0,0.0,0.0,0.0,0.0,0.0,0.0,0.0,0.0,0.0,0.0,0.0,0.0,0.0
山东,0.0,0.0,0.0,0.0,0.0,0.0,0.0,0.0,0.0,0.0,0.0,0.0,0.0,0.0,0.0,0.0,0.0,0.0,0.0,0.0,0.0,0.0,0.0,0.0,0.0,0.0,0.0,0.0,0.0,0.0,0.0,0.0,0.0,0.0,0.0,0.0,0.0,0.0,0.0,0.0,0.0,0.0,0.0,0.0,0.0,0.0,0.0,0.0,0.0,0.0,0.0,0.0,0.0,0.0,0.0,0.0,0.0,0.0,0.0,0.0,0.0,0.0,0.0,0.0,0.0,0.0,0.0,0.0,0.0,0.0,0.0,0.0,0.0,0.0,0.0,0.0,0.0,0.0,0.0,0.0,0.0,0.0,0.0,0.0,0.0,0.0,0.0,0.0,0.0,0.0,0.0,0.0,0.0,0.0,0.0,0.0,0.0,0.0,0.0,0.0,0.0,0.0,0.0,0.0,0.0,0.0,0.0,0.0,0.0,0.0,0.0,0.0,0.0,0.0,0.0,0.0,0.0,0.0,0.0,0.0,0.0,0.0,0.0,0.0,0.0,0.0,0.0,0.0,0.0,0.0,0.0,0.0,0.0,0.0,0.0,0.0,0.0,0.0,0.0,0.0,0.0,0.0,0.0,0.0,0.0,0.0,0.0,0.0,0.0,0.0,0.0,0.0,0.0,0.0,0.0,0.0,0.0,0.0,0.0,0.0,0.0,0.0,0.0,0.0,0.0,0.0,0.0,0.0,0.0,0.0,0.0,0.0,0.0,0.0,0.0,0.0,0.0,0.0,0.0,0.0,0.0,0.0,0.0,0.0,0.0,0.0,0.0,0.0,0.0,0.0,0.0,0.0,0.0,0.0,0.0,0.0,0.0,0.0,0.0,0.0,0.0,0.0,0.0,0.0,0.0,0.0,0.0,0.0,0.0,0.0,0.0,0.0,0.0,0.0,0.0,0.0,0.0,0.0,0.0,0.0,0.0,0.0,0.0,0.0,0.0,0.0,0.0,0.0,0.0,0.0,0.0,0.0,0.0,0.0,0.0,0.0,0.0,0.0,0.0,0.0,0.0,0.0,0.0,0.0,0.0,0.0,0.0,0.0,0.0,0.0,0.0,0.0,0.0,0.0,0.0,0.0,0.0,0.0,0.0,0.0,0.0,0.0,0.0,0.0,0.0,0.0,0.0,0.0,0.0,0.0,0.0,0.0,0.0,0.0,0.0,0.0
山西,0.0,0.0,0.0,0.0,0.0,0.0,0.0,0.0,0.0,0.0,0.0,0.0,0.0,0.0,0.0,0.0,0.0,0.0,0.0,0.0,0.0,0.0,0.0,0.0,0.0,0.0,0.0,0.0,0.0,0.0,0.0,0.0,0.0,0.0,0.0,0.0,0.0,0.0,0.0,0.0,0.0,0.0,0.0,0.0,0.0,0.0,0.0,0.0,0.0,0.0,0.0,0.0,0.0,0.0,0.0,0.0,0.0,0.0,0.0,0.0,0.0,0.0,0.0,0.0,0.0,0.0,0.0,0.0,0.0,0.0,0.0,0.0,0.0,0.0,0.0,0.0,0.0,0.0,0.0,0.0,0.0,0.0,0.0,0.0,0.0,0.0,0.0,0.0,0.0,0.0,0.0,0.0,0.0,0.0,0.0,0.0,0.0,0.0,0.0,0.0,0.0,0.0,0.0,0.0,0.0,0.0,0.0,0.0,0.0,0.0,0.0,0.0,0.0,0.0,0.0,0.0,0.0,0.0,0.0,0.0,0.0,0.0,0.0,0.0,0.0,0.0,0.0,0.0,0.0,0.0,0.0,0.0,0.0,0.0,0.0,0.0,0.0,0.0,0.0,0.0,0.0,0.0,0.0,0.0,0.0,0.0,0.0,0.0,0.0,0.0,0.0,0.0,0.0,0.0,0.0,0.0,0.0,0.0,0.0,0.0,0.0,0.0,0.0,0.0,0.0,0.0,0.0,0.0,0.0,0.0,0.0,0.0,0.0,0.0,0.0,0.0,0.0,0.0,0.0,0.0,0.0,0.0,0.0,0.0,0.0,0.0,0.0,0.0,0.0,0.0,0.0,0.0,0.0,0.0,0.0,0.0,0.0,0.0,0.0,0.0,0.0,0.0,0.0,0.0,0.0,0.0,0.0,0.0,0.0,0.0,0.0,0.0,0.0,0.0,0.0,0.0,0.0,0.0,0.0,0.0,0.0,0.0,0.0,0.0,0.0,0.0,0.0,0.0,0.0,0.0,0.0,0.0,0.0,0.0,0.0,0.0,0.0,0.0,0.0,0.0,0.0,0.0,0.0,0.0,0.0,0.0,0.0,0.0,0.0,0.0,0.0,0.0,0.0,0.0,0.0,0.0,0.0,0.0,0.0,0.0,0.0,0.0,0.0,0.0,0.0,0.0,0.0,0.0,0.0,0.0,0.0,0.0,0.0,0.0,0.0,0.0
广东,61788.32150712366,58846.02047148595,70142.75072727272,75014.74637433155,79863.43103743314,109235.27082352938,67392.05462032085,16550.798609625668,1515.2139572192514,1515.2139572192514,1515.2139572192514,1515.2139572192514,26214.918608070508,22795.581391929503,35376.0,42009.0,39697.5,36046.0,35208.5,25259.0,18458.5,9916.0,29681.0,93297.5,16933.0813975575,14724.418602442502,34002.5,41774.5,29580.5,40133.0,34840.0,40200.0,73499.0,39731.0,41540.0,73767.0,36464.3604698725,31708.139530127508,49613.5,60099.0,50250.0,56615.0,49144.5,53734.0,60065.5,61405.49999999999,88641.0,80132.00000000001,41008.785729198,37280.714270802004,55509.5,58859.5,51623.5,62578.00000000001,56816.0,61338.50000000001,57519.500000000015,64353.50000000001,60802.5,124318.50000000001,88795.426837725,84567.07316227502,100801.5,107803.0,114771.0,156981.0,96848.5,23785.0,2177.5,2177.5,2177.5,2177.5,2963.0131736224816,2821.9173076609422,3363.643636363637,3597.2765775401085,3829.7916577540113,5238.296470588237,3231.73604278075,793.6812834224602,72.66096256684496,72.66096256684496,72.66096256684496,72.66096256684496,2963.0131736224816,2821.9173076609422,3363.643636363637,3597.2765775401085,3829.7916577540113,5238.296470588237,3231.73604278075,793.6812834224602,72.66096256684496,72.66096256684496,72.66096256684496,72.66096256684496,2963.0131736224816,2821.9173076609422,3363.643636363637,3597.2765775401085,3829.7916577540113,5238.296470588237,3231.73604278075,793.6812834224602,72.66096256684496,72.66096256684496,72.66096256684496,72.66096256684496,2963.0131736224816,2821.9173076609422,3363.643636363637,3597.2765775401085,3829.7916577540113,5238.296470588237,3231.73604278075,793.6812834224602,72.66096256684496,72.66096256684496,72.66096256684496,72.66096256684496,2963.0131736224816,2821.9173076609422,3363.643636363637,3597.2765775401085,3829.7916577540113,5238.296470588237,3231.73604278075,793.6812834224602,72.66096256684496,72.66096256684496,72.66096256684496,72.66096256684496,2963.0131736224816,2821.9173076609422,3363.643636363637,3597.2765775401085,3829.7916577540113,5238.296470588237,3231.73604278075,793.6812834224602,72.66096256684496,72.66096256684496,72.66096256684496,72.66096256684496,2963.0131736224816,2821.9173076609422,3363.643636363637,3597.2765775401085,3829.7916577540113,5238.296470588237,3231.73604278075,793.6812834224602,72.66096256684496,72.66096256684496,72.66096256684496,72.66096256684496,2963.0131736224816,2821.9173076609422,3363.643636363637,3597.2765775401085,3829.7916577540113,5238.296470588237,3231.73604278075,793.6812834224602,72.66096256684496,72.66096256684496,72.66096256684496,72.66096256684496,2963.0131736224816,2821.9173076609422,3363.643636363637,3597.2765775401085,3829.7916577540113,5238.296470588237,3231.73604278075,793.6812834224602,72.66096256684496,72.66096256684496,72.66096256684496,72.66096256684496,2963.0131736224816,2821.9173076609422,3363.643636363637,3597.2765775401085,3829.7916577540113,5238.296470588237,3231.73604278075,793.6812834224602,72.66096256684496,72.66096256684496,72.66096256684496,72.66096256684496,2963.0131736224816,2821.9173076609422,3363.643636363637,3597.2765775401085,3829.7916577540113,5238.296470588237,3231.73604278075,793.6812834224602,72.66096256684496,72.66096256684496,72.66096256684496,72.66096256684496,2963.0131736224816,2821.9173076609422,3363.643636363637,3597.2765775401085,3829.7916577540113,5238.296470588237,3231.73604278075,793.6812834224602,72.66096256684496,72.66096256684496,72.66096256684496,72.66096256684496,2963.0131736224816,2821.9173076609422,3363.643636363637,3597.2765775401085,3829.7916577540113,5238.296470588237,3231.73604278075,793.6812834224602,72.66096256684496,72.66096256684496,72.66096256684496,72.66096256684496,2963.0131736224816,2821.9173076609422,3363.643636363637,3597.2765775401085,3829.7916577540113,5238.296470588237,3231.73604278075,793.6812834224602,72.66096256684496,72.66096256684496,72.66096256684496,72.66096256684496,2963.0131736224816,2821.9173076609422,3363.643636363637,3597.2765775401085,3829.7916577540113,5238.296470588237,3231.73604278075,793.6812834224602,72.66096256684496,72.66096256684496,72.66096256684496,72.66096256684496,2963.0131736224816,2821.9173076609422,3363.643636363637,3597.2765775401085,3829.7916577540113,5238.296470588237,3231.73604278075,793.6812834224602,72.66096256684496,72.66096256684496,72.66096256684496,72.66096256684496,2963.0131736224816,2821.9173076609422,3363.643636363637,3597.2765775401085,3829.7916577540113,5238.296470588237,3231.73604278075,793.6812834224602,72.66096256684496,72.66096256684496,72.66096256684496,72.66096256684496
广西,177369.38411568134,135138.57813575113,197709.11897539606,212058.9743849006,212058.9743849006,227206.04398382205,203289.61830131445,204086.8324907314,247933.61290866198,180967.6209976407,184953.6919447253,182562.04937647455,184149.5000240195,160129.99997598052,186059.0,195908.0,187399.0,175975.5,172257.0,131152.5,134603.0,150113.5,180464.5,183044.0,135195.8721106575,117561.62788934252,143380.0,138388.5,137752.0,147567.5,104888.5,127367.00000000003,132258.0,124318.50000000001,24388.0,178220.0,96652.953500979,84046.04649902102,107267.00000000003,111186.5,122610.00000000001,106228.5,103481.5,104352.5,121973.49999999999,138790.5,139929.50000000003,155205.5,129782.190523384,117983.80947661599,136445.5,141705.0,148907.5,143983.0,140231.0,145356.5,133531.0,150281.0,153262.5,184786.0,135878.451232453,129408.048767547,153765.0,195707.0,176478.0,156914.00000000003,137852.5,157215.5,156880.5,176545.0,171553.5,198621.5,118130.57147152799,107391.428528472,138757.0,235829.95,190347.0,165590.5,163681.0,164820.0,169543.5,146964.5,212725.0,225957.5,173541.68606914752,150905.81393085248,201402.0,154334.5,134871.0,112593.5,111320.49999999999,118757.5,138388.5,133497.5,236644.0,290679.5,129391.46597659952,118140.03402340051,180699.0,148371.5,147299.5,159895.5,130114.00000000003,53533.0,112426.0,88038.0,76246.00000000001,133598.0,103970.79050923613,94518.90039076387,214467.0,108238.5,98959.0,207834.67,120861.97,131018.50000000001,133531.0,156445.0,189911.5,184350.5,131716.34049653306,100355.3068681611,146820.83812868406,157477.18928318532,157477.18928318532,168725.55994626996,150964.97468876786,151556.99419735128,184118.06716943847,134388.42844843256,137348.5259913496,135572.4674655994,151029.44649362273,115070.05426858916,168348.66374752182,180567.51837435807,180567.51837435807,193465.1982582408,173100.440546847,173779.26580389348,211114.6549414487,154093.33334954616,157487.45963477844,155450.98386363906,151804.75228179723,115660.76343949084,169212.8772930598,181494.45709658833,181494.45709658833,194458.3468892018,173989.04721665423,174671.35720573916,212198.40660540966,154884.3675222765,158295.91746770107,156248.98750044632,144112.7001859197,109800.15232914808,160638.74342790002,172298.007063796,172298.007063796,184605.00756835283,165172.90150852624,165820.63837718713,201446.16615353595,147036.26918602138,150274.9535293258,148331.74292334315,136420.6480900422,103939.54121880535,152064.60956274025,163101.55703100367,163101.55703100367,174751.66824750393,156356.75580039824,156969.9195486351,190693.92570166223,139188.17084976626,142253.98959095054,140414.49834624,146974.45957143998,111980.54042855998,132660.0,96480.0,93745.395,100195.485,113615.25,95687.725,113980.735,105209.095,114281.23000000001,118802.055,91684.21044380001,82515.7895562,97719.5,110885.0,117585.0,127635.00000000001,135005.0,112895.0,92125.0,124285.00000000001,132995.0,115575.0,85090.0,85090.0,75375.0,79730.0,194635.0,226460.0,122945.00000000001,100500.0,102845.0,99495.0,106530.0,112895.0,127368.71792556003,98421.28207444002,135675.0,147065.0,140700.0,143380.0,107535.0,127635.00000000001,117920.0,135340.0,142710.0,132325.0,121888.4615163,94186.5384837,115910.0,98155.0,106865.0,109880.0,112225.0,109210.0,111555.0,83415.0,73365.0,55275.0,45611.53850715,53213.46149285,51255.0,52595.0,68675.0,63650.00000000001,70685.0,74370.0,73030.0,53265.0,59630.0,74370.0,60481.08113249,51408.91886751,75710.0,59630.0,87770.0,84755.0,89445.0,84085.0,84420.0,89445.0,84085.0,96480.0,74532.97302976002,56787.026970240004,83080.0,89110.0,89110.0,95475.0,85425.0,85760.0,104185.0,76045.0,77720.0,76715.0
新疆,120835.98147275519,92065.5095313171,111213.9083974589,94941.5170961358,98246.35478789388,115634.34738410673,128948.12208518929,125115.20979929846,130165.14167961449,126566.54063747793,133798.71454917706,144570.0373963886,102909.75779353276,89486.7458823246,110328.58170933065,120323.20527690767,115412.05404111552,116833.70308305534,105600.52163803075,134238.13377831876,144146.5967978994,143866.5750169113,184975.9264796714,180183.24599737427,148782.48513958635,129376.0739981414,134065.81268232607,126311.36336265423,132568.7731608894,114895.0907531374,117867.62965901158,140140.13131606896,152374.92913155118,156704.49666836794,188605.43956401784,159709.34577974078,144945.8360861553,126039.85743087603,140958.65652203435,146828.34385428595,143188.06070143997,166806.82092094037,172310.3259242075,178438.4949004481,193688.91189580268,193947.39353979178,210737.9303305811,169251.62647033692,159551.8976935044,145047.17961060433,185912.92243913177,193570.4411423077,162067.99078114095,191599.51860689113,172234.93544471063,219623.23684270505,219784.78787019826,236413.77363349445,250694.88446389005,241034.13301979893,164222.52986588507,156402.40936554535,188680.83004351464,233559.7054811153,214884.40670290566,223618.93225603597,209014.71937065406,175692.12743306434,233753.56671410706,244491.32500815263,267571.5818026758,290867.23996718985,231796.49149390808,210724.08301536352,212870.40389349087,206377.2652979788,220420.22191167137,261938.8359774142,255886.05748067034,238384.69616891103,252127.30357432945,277544.66523325373,291524.2141456621,397814.02016766364,304737.0845006768,264988.76905671123,305600.69367456634,317749.3309420521,315584.54717364383,316446.15265360737,319720.25347746874,333225.91937589715,351685.816784116,389294.8959845242,482423.67830008286,515800.12058017025,413267.3552601388,377331.06308590143,431718.1958042288,465697.76192029065,481131.27008013753,514496.9422917254,510264.3053714045,540528.1978551238,680140.595814715,657652.6927876667,791438.4836890047,792989.373552939,543815.7674115414,494377.96999660356,633635.4400336832,626839.5268104709,611384.478513625,711287.2278838143,679352.3495793293,693786.2726036373,763544.0062751852,836554.3006335953,917599.0660926652,866322.7699663354,685549.6989543515,522323.57923541195,630959.921806115,538640.2929842586,557389.9274645197,656038.7979786545,731573.0397419914,709827.4319214983,738477.667042659,718061.3983863748,759092.3445294221,820202.2643169392,754458.0351786509,574825.1686471372,694381.142035939,592781.9642146999,613416.2266348742,721980.8327228177,805107.4327583769,781176.0553906402,812706.0817765997,790237.6626968544,835392.8528396274,902645.2636905657,868502.2016459453,661715.9619929349,799344.0622536882,682387.1136776557,706140.4591331363,831115.7327888494,926807.781623785,899258.9280584871,935555.0453470735,909690.2914066612,961671.1574404534,1039089.4685546121,952408.5948051522,725644.6423825516,876569.056076188,748312.8434438022,774361.0104194318,911410.2021684588,1016347.1034131381,986136.7425609792,1025939.4442676557,997575.88467197,1054578.6458419194,1139476.3752439716,1036314.9879643592,789573.3227721683,953794.0498986876,814238.5732099485,842581.5617057274,991704.6715480679,1105886.4252024908,1073014.5570634713,1116323.8431882383,1085461.477937279,1147486.1342433852,1239863.2819333307,1060927.4295758572,808325.6592050318,1279591.838430845,1136457.6280719028,1176215.8744413953,1476650.0585560452,1198564.9512854842,1281728.4046197848,1420796.375616724,1507520.9521003985,1670451.302266298,1585954.5144517538,1196067.1219118668,1076460.411765955,1484352.3807441792,1233819.047307782,1331288.167228657,1696931.9927881823,1268714.0692463054,1395585.476170936,1489285.0721169703,1541089.1015997778,1635434.9016557848,1528165.019400325,1152235.778423735,1152235.778423735,1346043.1610730325,1506840.2837712273,1423587.6542697507,1784384.949004481,1349812.685047873,1267637.062396351,1432957.6138643543,1720949.2455421656,1810125.4127183917,2046097.6135434047,1527968.9486447002,1180703.2789906634,1512871.522130972,1339042.616548329,1327410.9425688211,1296500.8459751292,1315025.3637943454,1397093.285760872,1553690.0817442446,1662360.0729046452,1799893.8476438245,2379754.3356592837,1976395.9390998303,1527215.0444868891,1832096.3524574616,1682284.6996288022,1678407.474968966,1952828.8203373523,1965537.5011668142,2228973.376665665,2420249.79321757,2266560.9157290743,2515026.396013559,2810880.1776960376,1993837.9293102236,2326144.2465419453,2413141.5480078706,2419926.6911625834,2163491.360188436,2329565.8164514075,2126442.3245500047,2156598.516348728,2465376.38023066,2578569.8001608695,2619065.257719156,2624234.890598937,2612818.6202103165,2220895.823070111,2590955.3789353454,2193216.7492471784,2327950.306176476,2382554.553469165,2485947.2110647894,2716426.676955035,2905764.4811770217,3112765.1977382614,3252883.7889173315,3584925.0007582786,3721314.8224083334,2835287.478744176,3424989.483540047,2923858.1962562557,3025635.3435769486,3561123.149374286,3971139.657151933,3853099.706396929,4008619.495530347,3897795.490670037,4120520.507240611,4452238.617026572
江苏,0.0,0.0,0.0,0.0,0.0,0.0,0.0,0.0,0.0,0.0,0.0,0.0,0.0,0.0,0.0,0.0,0.0,0.0,0.0,0.0,0.0,0.0,0.0,0.0,0.0,0.0,0.0,0.0,0.0,0.0,0.0,0.0,0.0,0.0,0.0,0.0,0.0,0.0,0.0,0.0,0.0,0.0,0.0,0.0,0.0,0.0,0.0,0.0,0.0,0.0,0.0,0.0,0.0,0.0,0.0,0.0,0.0,0.0,0.0,0.0,0.0,0.0,0.0,0.0,0.0,0.0,0.0,0.0,0.0,0.0,0.0,0.0,0.0,0.0,0.0,0.0,0.0,0.0,0.0,0.0,0.0,0.0,0.0,0.0,0.0,0.0,0.0,0.0,0.0,0.0,0.0,0.0,0.0,0.0,0.0,0.0,0.0,0.0,0.0,0.0,0.0,0.0,0.0,0.0,0.0,0.0,0.0,0.0,0.0,0.0,0.0,0.0,0.0,0.0,0.0,0.0,0.0,0.0,0.0,0.0,0.0,0.0,0.0,0.0,0.0,0.0,0.0,0.0,0.0,0.0,0.0,0.0,0.0,0.0,0.0,0.0,0.0,0.0,0.0,0.0,0.0,0.0,0.0,0.0,0.0,0.0,0.0,0.0,0.0,0.0,0.0,0.0,0.0,0.0,0.0,0.0,0.0,0.0,0.0,0.0,0.0,0.0,0.0,0.0,0.0,0.0,0.0,0.0,0.0,0.0,0.0,0.0,0.0,0.0,0.0,0.0,0.0,0.0,0.0,0.0,0.0,0.0,0.0,0.0,0.0,0.0,0.0,0.0,0.0,0.0,0.0,0.0,0.0,0.0,0.0,0.0,0.0,0.0,0.0,0.0,0.0,0.0,0.0,0.0,0.0,0.0,0.0,0.0,0.0,0.0,0.0,0.0,0.0,0.0,0.0,0.0,0.0,0.0,0.0,0.0,0.0,0.0,0.0,0.0,0.0,0.0,0.0,0.0,0.0,0.0,0.0,0.0,0.0,0.0,0.0,0.0,0.0,0.0,0.0,0.0,0.0,0.0,0.0,0.0,0.0,0.0,0.0,0.0,0.0,0.0,0.0,0.0,0.0,0.0,0.0,0.0,0.0,0.0,0.0,0.0,0.0,0.0,0.0,0.0,0.0,0.0,0.0,0.0,0.0,0.0,0.0,0.0,0.0,0.0,0.0,0.0
江西,0.0,0.0,0.0,0.0,0.0,0.0,0.0,0.0,0.0,0.0,0.0,0.0,0.0,0.0,0.0,0.0,0.0,0.0,0.0,0.0,0.0,0.0,0.0,0.0,0.0,0.0,0.0,0.0,0.0,0.0,0.0,0.0,0.0,0.0,0.0,0.0,0.0,0.0,0.0,0.0,0.0,0.0,0.0,0.0,0.0,0.0,0.0,0.0,0.0,0.0,0.0,0.0,0.0,0.0,0.0,0.0,0.0,0.0,0.0,0.0,0.0,0.0,0.0,0.0,0.0,0.0,0.0,0.0,0.0,0.0,0.0,0.0,0.0,0.0,0.0,0.0,0.0,0.0,0.0,0.0,0.0,0.0,0.0,0.0,0.0,0.0,0.0,0.0,0.0,0.0,0.0,0.0,0.0,0.0,0.0,0.0,0.0,0.0,0.0,0.0,0.0,0.0,0.0,0.0,0.0,0.0,0.0,0.0,0.0,0.0,0.0,0.0,0.0,0.0,0.0,0.0,0.0,0.0,0.0,0.0,0.0,0.0,0.0,0.0,0.0,0.0,0.0,0.0,0.0,0.0,0.0,0.0,0.0,0.0,0.0,0.0,0.0,0.0,0.0,0.0,0.0,0.0,0.0,0.0,0.0,0.0,0.0,0.0,0.0,0.0,0.0,0.0,0.0,0.0,0.0,0.0,0.0,0.0,0.0,0.0,0.0,0.0,0.0,0.0,0.0,0.0,0.0,0.0,0.0,0.0,0.0,0.0,0.0,0.0,0.0,0.0,0.0,0.0,0.0,0.0,0.0,0.0,0.0,0.0,0.0,0.0,0.0,0.0,0.0,0.0,0.0,0.0,0.0,0.0,0.0,0.0,0.0,0.0,0.0,0.0,0.0,0.0,0.0,0.0,0.0,0.0,0.0,0.0,0.0,0.0,0.0,0.0,0.0,0.0,0.0,0.0,0.0,0.0,0.0,0.0,0.0,0.0,0.0,0.0,0.0,0.0,0.0,0.0,0.0,0.0,0.0,0.0,0.0,0.0,0.0,0.0,0.0,0.0,0.0,0.0,0.0,0.0,0.0,0.0,0.0,0.0,0.0,0.0,0.0,0.0,0.0,0.0,0.0,0.0,0.0,0.0,0.0,0.0,0.0,0.0,0.0,0.0,0.0,0.0,0.0,0.0,0.0,0.0,0.0,0.0,0.0,0.0,0.0,0.0,0.0,0.0
河北,83519.27245701378,63633.73128370344,84135.36144671105,77563.21146741131,80543.37557213882,77800.04570089957,76931.65351144256,79793.40049942593,79655.24719655777,76576.40216121015,75589.59285500899,73912.017034467,76246.93881322243,66301.68590594793,82168.87268201729,80628.58139016094,90097.03868209184,80695.26066686466,77704.69510670198,75841.00932283248,80120.15190529492,79325.00153060284,82322.2350184359,97446.76195676146,79002.11102017175,68697.48782436244,83767.50834098943,82473.9303729369,84661.01064881953,82850.66828631303,79981.79240613466,84044.22733930995,81772.13098563005,83892.53198480894,92325.7935059143,103659.6035636323,84170.95674304722,73192.13627777631,102417.70203502516,86481.3549028316,87546.5563481738,87769.93192513134,84704.35217867696,83284.08358488732,85477.83178844034,88801.7937321217,93085.93726033691,128766.01822450756,87008.12122043045,79098.29195817081,99815.54326166176,99778.86965947469,100082.26036847672,97130.03539241868,99933.8989778109,99905.56028521182,104216.3755241085,104823.15694211256,109760.75738202441,108002.09145896329,91963.2452766439,87584.0431035135,102656.08044924104,109512.37707630298,114853.38714027245,114781.70691781591,108335.48784248199,104626.4530758365,104133.02642822884,103046.1542179579,106723.5163281691,103784.6272074518,96323.21617933008,87566.56009615833,107463.65629958059,108739.06416473138,120967.87681400529,117545.5629371859,108365.49351699869,107810.38853844003,129802.88097725068,109440.69685384644,109077.29479581107,114533.32661209452,112515.34809797019,97839.43310123215,114443.30958854446,115456.83459444129,121804.70173663723,122326.467076844,115011.75042244385,114256.60761377399,113403.11287196614,109018.95042869532,118359.05011297151,135623.98183348708,114270.62547588229,104334.0492334901,119252.55242080161,118539.08416007161,131164.80520392454,130854.74656725216,118469.07091953268,112657.97195480186,101822.58949044431,99730.5271838645,100810.73146646506,128442.62373249441,118720.51851515358,107927.74402226752,133040.1598612172,121264.59959533693,122773.21823075903,120470.36272673568,112126.14637872242,114668.35214741957,128766.01822450756,126860.6578926982,138319.4915942357,135742.3375496362,161153.9679213987,122783.97534282725,162342.73767910345,149661.49638256544,155411.84904255715,150118.47805090915,148442.87860031554,153964.74042613542,153698.16778626826,147757.40609779998,145853.31581303454,142616.36232893323,165628.28442012196,126192.9783834672,166850.0594597238,153816.73321058284,159726.74000824135,154286.4026249663,152564.28143889358,158239.45352936038,157965.47970430335,151859.7773173184,149902.82142405398,146575.9964055045,154617.6619554054,117803.9327108448,155758.21594182198,143591.31800407232,149108.43989176062,144029.7647766038,142422.12661065496,147720.02511207748,147464.2644947674,141764.45645185767,139937.594899643,136831.93026087809,140990.2323540501,107421.12922334379,142030.2621250577,130935.70962971539,135966.57277324898,131335.51332324123,129869.56644697982,134700.52774375046,134467.30892252707,129269.86090669103,127604.01218366668,124772.06935452524,127362.80275269477,97038.32573584277,128302.30830829339,118280.10125535842,122824.70565473735,118641.2618698786,117317.00628330461,121681.03037542345,121470.35335028668,116775.26536152436,115270.4294676903,112712.20844817234,111292.66879552187,84794.41417099793,108570.53229286267,106520.1445342227,103362.41402736375,105313.6163619069,101248.79764458946,105135.09926835181,101831.54118334177,103652.2688431949,109559.35262674077,109073.52741667732,99121.37680761045,89209.23929634695,99622.1733592209,96401.56429443034,88183.34344069453,89300.22132548215,86433.01242722139,87399.8619394256,83799.1809974237,86749.73899156415,91167.24107318684,89550.26861312118,90325.41520480214,90325.41520480214,98768.67861741305,88133.33398316673,86866.4277257957,89116.85331454687,82915.68058109918,73463.8931083442,68046.20187616542,75097.5353875858,79398.34873497694,80365.19824718116,88402.18823021319,68310.78184274891,84749.36069045198,80781.94372657953,78981.60325557858,79365.00909662507,80048.4716828384,79548.37710756036,76047.71508061407,71546.8639031117,66395.88977774789,63512.01106031119,82026.62354346873,63384.20912820962,83232.40714544193,75664.30923956758,75580.9601436879,70513.33511420376,66712.61634209065,63345.31286855184,64462.19075333946,63245.29395349623,69129.74012260117,68763.00410073061,64489.11898726664,75237.30534541798,76397.7812833087,71396.83553052829,70846.73149772245,75647.63942039164,68712.99464320281,66695.94652291472,64128.79436982077,64428.8511149876,64595.549306746936,66679.27670373877,70238.50842533028,59702.732051080675,69946.56126222198,63912.086720533625,67279.39019407242,68196.23024874883,62811.87865492193,60061.35849089271,65012.29478614531,63028.586304209086,61261.58547156,62311.78407964389,70543.0705210755,53747.10125469358,71063.4391470096,65512.38936142335,68029.5320569895,65712.42719153457,64978.95514779344,67396.07892830396,67279.39019407242,64678.89840262661,63845.40744382988,62428.472813875436
河南,139597.474762638,106359.98058413756,125328.1391853898,130875.57907660514,133531.43556843346,128046.85618590041,133374.28429672765,133169.9876435101,128502.59487384731,119544.97238661569,128251.152839118,128926.903307453,124610.59526863051,108357.03933363945,144563.87889996855,151903.02041882445,147774.87985139075,138160.09831399858,134681.85138175183,132189.58015148656,137178.17179354472,148698.0932396937,161552.2199992016,179342.29904090826,151762.66450682993,131967.53431675688,164508.12251438218,169043.20582534416,175459.13395589706,177510.04439964908,165006.17184228246,174963.1092187606,168514.78763598655,170057.52579801914,176641.4949619693,181358.79144167528,169688.24988153245,147554.9998556052,192564.9013194318,194291.87724097222,198428.1161714612,213223.82547347472,211632.4971331104,215999.53941067515,220702.66375503433,220797.819520934,211334.88229082848,207320.11880616884,199363.38076775896,181239.43692319802,239035.3331214454,265519.0049030051,253515.2062643026,257529.96974896226,254719.8377687769,256373.9284228197,261060.8560410684,256699.8875357951,233556.79051454223,243598.76070310088,228708.19193854468,217817.3256132306,293814.6854181858,314503.978433686,316062.9133218291,336458.64067657513,335501.0092452873,360164.5739301706,376241.84918568365,359453.942572069,400267.66777996306,363120.4764453512,285218.2731387119,259289.33901900807,324143.05506024405,309589.3653381379,312558.34670965275,339570.43668057007,316986.1267101322,323272.48103180045,337061.9687241942,329548.7123996496,329935.40923553973,334715.46802892414,306233.7135374399,266290.18561005336,235591.50423218365,311999.5596588378,313153.5763942165,312803.32219207525,325511.67841658794,322879.7104236189,348146.6031561214,363478.8290105478,352932.73572179733,383720.6874672433,347719.00056553545,317482.5653866881,348936.1935540121,348770.1771113787,396619.3552235553,394714.21531479846,387126.04913199245,389723.59908197646,367384.264593961,282730.05098625855,329566.933716524,282335.2557873133,274865.7259027642,249877.93244806066,334146.5580242901,356718.7204501451,389492.7957349007,453468.02959245385,481928.1898858782,491971.50642729487,390697.427239375,397220.65868041053,433665.31701997586,513436.217705339,426009.40673823166,324578.5950382047,382463.696515691,399392.810605978,407497.68392399076,390760.4011548402,407018.1056211498,406394.6538274565,392151.17823307903,364815.21497114253,391383.85294853343,393446.03965074976,387657.34836796473,295357.9791885329,348031.89810638735,363436.94638620614,370812.16780062375,355581.68097440054,370375.76416663453,369808.43944244843,356847.2515129692,331972.2443755848,356149.0056985865,358025.5413247401,359033.36722105293,273549.23168645357,322333.79504743236,336601.35989404604,343432.00708690076,329326.11436319485,343027.82677963126,342502.3923801808,330498.23725427646,307459.9597399146,329851.5487626453,331589.5240839041,324645.7122006878,247349.11362186127,291461.16771674843,304362.2074915461,310538.6259672992,297783.77361204586,310173.15741843806,309698.04830491863,298843.63240374316,278011.9251186589,298258.88272556535,299830.3974856682,290258.0571803227,221148.99555726905,260588.54038606444,272123.0550890463,277645.24484769773,266241.4328608969,277318.488057245,276893.70422965643,267189.0275532099,248563.89049740345,266666.2166884855,268071.27088743227,248985.26669795715,189703.06000706195,224628.3452460858,219992.03239693271,218682.2234022779,213538.99351767893,210361.21610069106,222077.32039185442,224679.6483760411,231577.2873870302,231969.95676567353,230646.0768652101,212775.9644935371,191498.36840803028,214104.52245573743,207925.47144455172,181747.51286832916,184845.13673697735,186950.71113135252,192234.89302492878,188469.15420421926,206771.454709173,219404.90107542422,222522.7708517106,184784.39901406266,184784.39901406266,187031.6947619054,184885.6285522538,200596.45287951492,204544.40486896844,204058.5030856511,205212.51982102983,205657.9297890707,198106.20624001347,201183.58420102342,198227.68168584284,207469.67892205148,160317.47923391018,185229.80898210357,193753.3360977955,193024.4834228195,195980.38593800005,198794.56709971308,195858.91049217072,194097.51652764532,190048.3350000007,191506.04034995276,184541.44812240396,198904.10261512987,153698.62481216446,180330.29933365356,175774.97011505335,181666.52923777627,188489.40011185748,196324.56636784985,188124.97377436946,172231.9362783643,196041.12366091472,185897.92393416492,173871.85479706037,147415.12579384973,171984.31310675858,183103.98868009011,181281.85699265005,179986.11890380376,173183.4939373608,173770.62525886926,181585.54560722338,179601.44665867754,181909.480129435,185958.6616570796,179682.43028923043,184719.283954616,157011.39107095252,174782.92064078042,166502.34441674716,166664.31167785294,115482.65716842483,141235.45168424468,154678.73435602486,152512.42223873496,156460.37422818848,160914.47390859757,167757.59069031698,179844.39768736047,137024.30275846994,161461.1134148296,168607.91881112236,172029.47720198205,164963.6554362422,171827.01812559983,171563.82132630295,165550.78675775067,154010.61940396347,165226.8522355391,166097.4262639827
浙江,26345.701729001074,20072.91556768187,19930.388270331707,19930.388270331707,19930.388270331707,19930.388270331707,19930.388270331707,19930.388270331707,19930.388270331707,19930.388270331707,19930.388270331707,19930.388270331707,17882.767444193003,15550.232555807004,22076.5,22947.5,20703.0,21004.5,21038.0,19631.0,21406.5,18894.0,19731.5,20234.0,19370.011630433506,16843.4883695665,18994.5,21272.5,20401.5,18793.5,20301.0,22043.0,20100.0,19162.0,19363.0,18592.5,16789.732560329503,14599.767439670502,18894.0,19229.0,19798.5,22478.5,19530.5,19497.0,19832.0,20837.0,20234.0,20770.0,15845.500005762002,14404.999994238,15443.500000000002,16750.0,15544.000000000002,19664.5,16616.0,13466.999999999998,13902.5,14505.5,15275.999999999998,12998.0,10912.829269332,10393.170730668002,10552.5,11892.5,12998.0,14941.0,12194.0,12596.0,14773.5,11892.5,4891.0,10318.0,5615.238097280002,5104.76190272,5192.5,4690.0,5393.500000000001,3517.5,3350.0,3350.0,3350.0,1105.5,1440.5,2981.5,3762.906977235001,3272.0930227650006,3417.0,3450.5,3417.0,3350.0,3350.0,3350.0,3350.0,4020.0000000000005,3517.5,3450.5,3782.4545474280008,3453.545452572,3685.0,3685.0,2780.5,4020.0000000000005,4020.0000000000005,3685.0,3685.0,3852.5000000000005,3852.5000000000005,3383.5,3685.000001340001,3349.9999986600005,3685.0,3685.0,3517.5,3685.0,3852.5000000000005,3685.0,3685.0,3685.0,4020.0000000000005,3685.0,5288.504891860961,4029.3370533661864,4000.726833869533,4000.726833869533,4000.726833869533,4000.726833869533,4000.726833869533,4000.726833869533,4000.726833869533,4000.726833869533,4000.726833869533,4000.726833869533,5119.57865254928,3900.63134745072,3872.9349999999995,3872.9349999999995,3872.9349999999995,3872.9349999999995,3872.9349999999995,3872.9349999999995,3872.9349999999995,3872.9349999999995,3872.9349999999995,3872.9349999999995,4982.947365054911,3796.5313190669954,3769.5741315878095,3769.5741315878095,3769.5741315878095,3769.5741315878095,3769.5741315878095,3769.5741315878095,3769.5741315878095,3769.5741315878095,3769.5741315878095,3769.5741315878095,4982.947365054911,3796.5313190669954,3769.5741315878095,3769.5741315878095,3769.5741315878095,3769.5741315878095,3769.5741315878095,3769.5741315878095,3769.5741315878095,3769.5741315878095,3769.5741315878095,3769.5741315878095,4982.947365054911,3796.5313190669954,3769.5741315878095,3769.5741315878095,3769.5741315878095,3769.5741315878095,3769.5741315878095,3769.5741315878095,3769.5741315878095,3769.5741315878095,3769.5741315878095,3769.5741315878095,4982.947365054911,3796.5313190669954,3769.5741315878095,3769.5741315878095,3769.5741315878095,3769.5741315878095,3769.5741315878095,3769.5741315878095,3769.5741315878095,3769.5741315878095,3769.5741315878095,3769.5741315878095,4982.947365054911,3796.5313190669954,3769.5741315878095,3769.5741315878095,3769.5741315878095,3769.5741315878095,3769.5741315878095,3769.5741315878095,3769.5741315878095,3769.5741315878095,3769.5741315878095,3769.5741315878095,4982.947365054911,3796.5313190669954,3769.5741315878095,3769.5741315878095,3769.5741315878095,3769.5741315878095,3769.5741315878095,3769.5741315878095,3769.5741315878095,3769.5741315878095,3769.5741315878095,3769.5741315878095,4982.947365054911,3796.5313190669954,3769.5741315878095,3769.5741315878095,3769.5741315878095,3769.5741315878095,3769.5741315878095,3769.5741315878095,3769.5741315878095,3769.5741315878095,3769.5741315878095,3769.5741315878095,4982.947365054911,3796.5313190669954,3769.5741315878095,3769.5741315878095,3769.5741315878095,3769.5741315878095,3769.5741315878095,3769.5741315878095,3769.5741315878095,3769.5741315878095,3769.5741315878095,3769.5741315878095,4982.947365054911,3796.5313190669954,3769.5741315878095,3769.5741315878095,3769.5741315878095,3769.5741315878095,3769.5741315878095,3769.5741315878095,3769.5741315878095,3769.5741315878095,3769.5741315878095,3769.5741315878095,4982.947365054911,3796.5313190669954,3769.5741315878095,3769.5741315878095,3769.5741315878095,3769.5741315878095,3769.5741315878095,3769.5741315878095,3769.5741315878095,3769.5741315878095,3769.5741315878095,3769.5741315878095,4982.947365054911,3796.5313190669954,3769.5741315878095,3769.5741315878095,3769.5741315878095,3769.5741315878095,3769.5741315878095,3769.5741315878095,3769.5741315878095,3769.5741315878095,3769.5741315878095,3769.5741315878095
海南,47.955436615543576,41.700379653995824,305.91398518259643,570.127590711197,834.3411962397975,1098.5548017683982,1362.7684072969987,1075.8697952344726,717.2465301563152,215.17395904689454,215.17395904689454,215.17395904689454,49.39409971400991,42.95139104361572,315.09140473807446,587.231418432533,859.3714321269919,1131.5114458214505,1403.6514595159094,1108.1458890915073,738.763926061005,221.62917781830146,221.62917781830146,221.62917781830146,40.04557768088432,34.822241451873175,255.4559633250813,476.0896851982894,696.7234070714976,917.3571289447057,1137.990850817914,898.41382959309,598.9425530620599,179.682765918618,179.682765918618,179.682765918618,89.59302326750002,77.90697673250001,571.525581386,1065.1441860395,1558.762790693,2052.3813953465,2546.0,2010.0000000000002,1340.0,402.0,402.0,402.0,34.52791436319139,30.02427335087701,220.25806933146956,410.49186531206203,600.7256612926545,790.9594572732472,981.1932532538397,774.6262525688207,516.4175017125473,154.92525051376413,154.92525051376413,154.92525051376413,34.52791436319139,30.02427335087701,220.25806933146956,410.49186531206203,600.7256612926545,790.9594572732472,981.1932532538397,774.6262525688207,516.4175017125473,154.92525051376413,154.92525051376413,154.92525051376413,34.52791436319139,30.02427335087701,220.25806933146956,410.49186531206203,600.7256612926545,790.9594572732472,981.1932532538397,774.6262525688207,516.4175017125473,154.92525051376413,154.92525051376413,154.92525051376413,34.52791436319139,30.02427335087701,220.25806933146956,410.49186531206203,600.7256612926545,790.9594572732472,981.1932532538397,774.6262525688207,516.4175017125473,154.92525051376413,154.92525051376413,154.92525051376413,34.52791436319139,30.02427335087701,220.25806933146956,410.49186531206203,600.7256612926545,790.9594572732472,981.1932532538397,774.6262525688207,516.4175017125473,154.92525051376413,154.92525051376413,154.92525051376413,34.52791436319139,30.02427335087701,220.25806933146956,410.49186531206203,600.7256612926545,790.9594572732472,981.1932532538397,774.6262525688207,516.4175017125473,154.92525051376413,154.92525051376413,154.92525051376413,34.52791436319139,30.02427335087701,220.25806933146956,410.49186531206203,600.7256612926545,790.9594572732472,981.1932532538397,774.6262525688207,516.4175017125473,154.92525051376413,154.92525051376413,154.92525051376413,34.52791436319139,30.02427335087701,220.25806933146956,410.49186531206203,600.7256612926545,790.9594572732472,981.1932532538397,774.6262525688207,516.4175017125473,154.92525051376413,154.92525051376413,154.92525051376413,34.52791436319139,30.02427335087701,220.25806933146956,410.49186531206203,600.7256612926545,790.9594572732472,981.1932532538397,774.6262525688207,516.4175017125473,154.92525051376413,154.92525051376413,154.92525051376413,34.52791436319139,30.02427335087701,220.25806933146956,410.49186531206203,600.7256612926545,790.9594572732472,981.1932532538397,774.6262525688207,516.4175017125473,154.92525051376413,154.92525051376413,154.92525051376413,34.52791436319139,30.02427335087701,220.25806933146956,410.49186531206203,600.7256612926545,790.9594572732472,981.1932532538397,774.6262525688207,516.4175017125473,154.92525051376413,154.92525051376413,154.92525051376413,34.52791436319139,30.02427335087701,220.25806933146956,410.49186531206203,600.7256612926545,790.9594572732472,981.1932532538397,774.6262525688207,516.4175017125473,154.92525051376413,154.92525051376413,154.92525051376413,34.52791436319139,30.02427335087701,220.25806933146956,410.49186531206203,600.7256612926545,790.9594572732472,981.1932532538397,774.6262525688207,516.4175017125473,154.92525051376413,154.92525051376413,154.92525051376413,34.52791436319139,30.02427335087701,220.25806933146956,410.49186531206203,600.7256612926545,790.9594572732472,981.1932532538397,774.6262525688207,516.4175017125473,154.92525051376413,154.92525051376413,154.92525051376413,34.52791436319139,30.02427335087701,220.25806933146956,410.49186531206203,600.7256612926545,790.9594572732472,981.1932532538397,774.6262525688207,516.4175017125473,154.92525051376413,154.92525051376413,154.92525051376413,34.52791436319139,30.02427335087701,220.25806933146956,410.49186531206203,600.7256612926545,790.9594572732472,981.1932532538397,774.6262525688207,516.4175017125473,154.92525051376413,154.92525051376413,154.92525051376413,34.52791436319139,30.02427335087701,220.25806933146956,410.49186531206203,600.7256612926545,790.9594572732472,981.1932532538397,774.6262525688207,516.4175017125473,154.92525051376413,154.92525051376413,154.92525051376413,34.52791436319139,30.02427335087701,220.25806933146956,410.49186531206203,600.7256612926545,790.9594572732472,981.1932532538397,774.6262525688207,516.4175017125473,154.92525051376413,154.92525051376413,154.92525051376413,34.52791436319139,30.02427335087701,220.25806933146956,410.49186531206203,600.7256612926545,790.9594572732472,981.1932532538397,774.6262525688207,516.4175017125473,154.92525051376413,154.92525051376413,154.92525051376413
湖北,13192.038904469573,10051.077242839207,59001.756373937664,89396.60056657223,94760.39660056657,87608.6685552408,177005.269121813,144822.492917847,160913.88101983003,53637.96033994335,191308.72521246457,180581.13314447593,73251.25582350802,63696.74417649201,93833.5,113900.0,103180.0,116345.49999999999,76179.0,66665.0,100902.0,96882.0,92292.5,121270.0,82067.20931303,71362.79068697001,83951.0,119092.5,125859.50000000001,107870.0,102644.0,92058.0,111019.0,83013.0,133564.5,133497.5,74666.8255911345,64927.67440886551,89679.5,104955.5,111220.0,116747.5,109478.0,108807.99999999999,97317.5,93565.5,96379.5,159694.5,57082.40478266201,51893.09521733801,140666.5,105927.0,134603.0,145892.5,121404.0,100868.5,110148.0,102644.0,114637.0,155306.0,75171.548787647,71591.95121235301,113799.5,134971.5,133933.0,183781.0,137048.5,130013.50000000001,143246.0,142844.0,174970.5,154401.50000000003,71383.71431167201,64894.285688328004,157148.5,142501.91475000003,138623.0,242674.0,152458.5,177650.5,151755.0,130281.50000000001,153363.0,215840.50000000006,97745.9883848425,84996.5116151575,137350.0,138790.5,141135.5,222373.0,173999.0,159393.0,213931.0,190615.0,223679.5,241803.00000000006,91952.1705025205,83956.3294974795,151956.0,168337.5,181871.5,286090.0,170347.5,151922.5,198755.5,186226.5,242674.0,280462.0,98507.94646439253,89552.67853560751,305855.0,281668.0,342939.5,393240.05150000006,297772.46505,312689.0,309841.5,311550.0,359924.0,378114.5,33484.304181168816,25511.8507597506,149759.4702346416,226908.28823430542,240522.7855283638,222370.1224696194,449278.4107039248,367591.4269395748,408434.9188217498,136144.97294058328,485583.7368214137,458354.742233297,31911.16161688278,24313.265950977788,142723.54690303066,216247.79833792525,229222.6662382008,211922.84237116677,428170.6407090921,350321.4333074389,389246.0370082655,129748.67900275515,462770.2884431601,436820.55264260893,31268.59352696853,23823.690264286663,139849.64347010932,211893.39919713538,224607.0031489635,207655.53121319265,419548.93041032803,343267.30669935927,381408.11855484365,127136.03951828122,453451.8742818696,428024.6663782134,27100.124574168563,20647.713924891978,121206.05157453829,183645.5326886944,194664.26465001606,179972.6220349205,363618.1547236149,297505.7629556849,330561.9588396499,110187.31961321662,393001.43995380594,370963.97603116266,22931.655621368605,17471.737585497307,102562.45967896732,155397.66618025352,164721.5261510687,152289.71285664843,307687.379036902,251744.21921201068,279715.7991244563,93238.5997081521,332551.00562574243,313903.28568411205,164847.16228776,125597.83771224001,195305.0,192859.5,195118.405,288079.9,232480.62000000002,200083.44,207393.14,228541.355,232582.46000000002,213205.05500000002,125624.9998869375,113062.50011306252,154736.5,143380.0,108540.0,174535.0,153095.0,132325.0,152425.0,182910.0,193630.0,122945.00000000001,44890.0,44890.0,80065.0,73365.0,98825.0,189610.0,139025.0,112895.0,99830.0,64320.00000000001,61975.00000000001,54605.0,27590.25640524,21319.743594760002,25125.0,19095.0,27805.0,58290.0,40870.0,40535.0,41540.0,38525.0,30820.000000000004,25125.0,5858.2051271400005,4526.79487286,5360.0,7035.0,8040.000000000001,16750.0,17085.0,15410.000000000002,9715.0,6700.0,15410.000000000002,17085.0,1082.30769339,1262.69230661,4355.0,6030.0,11390.0,18425.0,17420.0,11390.0,15075.0,16080.000000000002,16415.0,13400.0,1118.5924708009632,852.2609286324647,5002.935552407933,7580.205382436262,8035.017705382437,7428.601274787537,15008.806657223799,12279.932719546743,13644.369688385272,4548.123229461757,16221.639518413598,15312.014872521248,2471.75675864,1883.24324136,11055.0,16750.0,17755.0,16415.0,33165.0,27135.0,30150.0,10050.0,35845.0,33835.0
湖南,0.0,0.0,0.0,0.0,0.0,0.0,0.0,0.0,0.0,0.0,0.0,0.0,0.0,0.0,0.0,0.0,0.0,0.0,0.0,0.0,0.0,0.0,0.0,0.0,0.0,0.0,0.0,0.0,0.0,0.0,0.0,0.0,0.0,0.0,0.0,0.0,0.0,0.0,0.0,0.0,0.0,0.0,0.0,0.0,0.0,0.0,0.0,0.0,0.0,0.0,0.0,0.0,0.0,0.0,0.0,0.0,0.0,0.0,0.0,0.0,0.0,0.0,0.0,0.0,0.0,0.0,0.0,0.0,0.0,0.0,0.0,0.0,0.0,0.0,0.0,0.0,0.0,0.0,0.0,0.0,0.0,0.0,0.0,0.0,0.0,0.0,0.0,0.0,0.0,0.0,0.0,0.0,0.0,0.0,0.0,0.0,0.0,0.0,0.0,0.0,0.0,0.0,0.0,0.0,0.0,0.0,0.0,0.0,0.0,0.0,0.0,0.0,0.0,0.0,0.0,0.0,0.0,0.0,0.0,0.0,0.0,0.0,0.0,0.0,0.0,0.0,0.0,0.0,0.0,0.0,0.0,0.0,0.0,0.0,0.0,0.0,0.0,0.0,0.0,0.0,0.0,0.0,0.0,0.0,0.0,0.0,0.0,0.0,0.0,0.0,0.0,0.0,0.0,0.0,0.0,0.0,0.0,0.0,0.0,0.0,0.0,0.0,0.0,0.0,0.0,0.0,0.0,0.0,0.0,0.0,0.0,0.0,0.0,0.0,0.0,0.0,0.0,0.0,0.0,0.0,0.0,0.0,0.0,0.0,0.0,0.0,0.0,0.0,0.0,0.0,0.0,0.0,0.0,0.0,0.0,0.0,0.0,0.0,0.0,0.0,0.0,0.0,0.0,0.0,0.0,0.0,0.0,0.0,0.0,0.0,0.0,0.0,0.0,0.0,0.0,0.0,0.0,0.0,0.0,0.0,0.0,0.0,0.0,0.0,0.0,0.0,0.0,0.0,0.0,0.0,0.0,0.0,0.0,0.0,0.0,0.0,0.0,0.0,0.0,0.0,0.0,0.0,0.0,0.0,0.0,0.0,0.0,0.0,0.0,0.0,0.0,0.0,0.0,0.0,0.0,0.0,0.0,0.0,0.0,0.0,0.0,0.0,0.0,0.0,0.0,0.0,0.0,0.0,0.0,0.0,0.0,0.0,0.0,0.0,0.0,0.0
甘肃,0.0,0.0,0.0,0.0,0.0,0.0,0.0,0.0,0.0,0.0,0.0,0.0,0.0,0.0,0.0,0.0,0.0,0.0,0.0,0.0,0.0,0.0,0.0,0.0,0.0,0.0,0.0,0.0,0.0,0.0,0.0,0.0,0.0,0.0,0.0,0.0,0.0,0.0,0.0,0.0,0.0,0.0,0.0,0.0,0.0,0.0,0.0,0.0,0.0,0.0,0.0,0.0,0.0,0.0,0.0,0.0,0.0,0.0,0.0,0.0,0.0,0.0,0.0,0.0,0.0,0.0,0.0,0.0,0.0,0.0,0.0,0.0,0.0,0.0,0.0,0.0,0.0,0.0,0.0,0.0,0.0,0.0,0.0,0.0,0.0,0.0,0.0,0.0,0.0,0.0,0.0,0.0,0.0,0.0,0.0,0.0,0.0,0.0,0.0,0.0,0.0,0.0,0.0,0.0,0.0,0.0,0.0,0.0,0.0,0.0,0.0,0.0,0.0,0.0,0.0,0.0,0.0,0.0,0.0,0.0,0.0,0.0,0.0,0.0,0.0,0.0,0.0,0.0,0.0,0.0,0.0,0.0,0.0,0.0,0.0,0.0,0.0,0.0,0.0,0.0,0.0,0.0,0.0,0.0,0.0,0.0,0.0,0.0,0.0,0.0,0.0,0.0,0.0,0.0,0.0,0.0,0.0,0.0,0.0,0.0,0.0,0.0,0.0,0.0,0.0,0.0,0.0,0.0,0.0,0.0,0.0,0.0,0.0,0.0,0.0,0.0,0.0,0.0,0.0,0.0,0.0,0.0,0.0,0.0,0.0,0.0,0.0,0.0,0.0,0.0,0.0,0.0,0.0,0.0,0.0,0.0,0.0,0.0,0.0,0.0,0.0,0.0,0.0,0.0,0.0,0.0,0.0,0.0,0.0,0.0,0.0,0.0,0.0,0.0,0.0,0.0,0.0,0.0,0.0,0.0,0.0,0.0,0.0,0.0,0.0,0.0,0.0,0.0,0.0,0.0,0.0,0.0,0.0,0.0,0.0,0.0,0.0,0.0,0.0,0.0,0.0,0.0,0.0,0.0,0.0,0.0,0.0,0.0,0.0,0.0,0.0,0.0,0.0,0.0,0.0,0.0,0.0,0.0,0.0,0.0,0.0,0.0,0.0,0.0,0.0,0.0,0.0,0.0,0.0,0.0,0.0,0.0,0.0,0.0,0.0,0.0
福建,68535.31576039745,52217.383344491245,131102.93045673633,127077.84048657336,121615.21838420932,100914.75568051414,102927.3006655956,106089.87135643791,113565.03844388343,114427.55772320405,121615.21838420932,92577.06931374803,83518.61628996351,72624.8837100365,140968.0,126094.00000000001,128271.50000000001,120030.5,144217.5,181804.5,186595.0,160733.0,160431.5,186695.5,148204.7790890985,128873.72091090151,182039.0,204082.0,204450.5,186528.0,173061.0,161637.5,164284.0,180866.5,184417.5,191251.5,133386.093040654,115987.906959346,206326.5,213897.5,209207.5,221468.5,204316.5,217515.50000000006,238453.00000000006,223914.0,209643.0,270345.0,162666.42863058002,147878.57136941998,253595.00000000003,246258.50000000003,254064.00000000003,260529.50000000003,257749.00000000003,256677.00000000003,297413.0,310746.0,311315.50000000006,318384.00000000006,213229.134166649,203075.365833351,302337.5,345787.0,327362.0,309473.0,321901.5,323174.5,297078.00000000006,346591.0,409102.0,447693.99999999994,271724.8810511901,247022.61894880998,438180.0,443190.8295,453925.0,444411.0,480055.0,484309.5,493354.50000000006,505414.50000000006,517441.00000000006,530606.5,440385.54656906956,382943.95343093056,529568.0000000001,529936.5,586585.0,639783.0,589097.5,560287.5,582196.5,608494.0,595831.0000000001,539986.5,487866.59116363,445443.4088363701,620085.0,595529.5,679179.0,805139.0,686013.0,725275.0,646315.5,654389.0,606551.0,688056.5,502186.5130849942,456533.1933650057,760952.5,743666.5,787685.5,921245.8124999999,671550.7150000001,584407.5,753716.5,737368.5,668961.5,696833.5,430877.61419231485,328287.70547287585,824236.6327793499,798931.1221238435,764587.9290913705,634445.3028630522,647098.0581908053,666980.9594201318,713976.9077803579,719399.5172065378,764587.9290913705,582026.7450766462,505514.86608787806,385154.18300739734,967012.110446299,937323.1421431231,897030.9708745274,744344.8481724802,759189.332324068,782516.3788479919,837653.0342681757,844014.9560474276,897030.9708745274,682846.2709730446,466106.00979140255,355128.3877867948,891625.9173706144,864251.4374513412,827100.3575608989,686317.317976065,700004.5579357016,721513.0778722734,772351.3977223524,778217.3577050536,827100.3575608989,629613.0381432847,389149.8381195299,296495.1142353409,744414.519699574,721559.6879544117,690542.4163002627,573003.2816108563,584430.6974834375,602388.0652832078,644832.752809938,649730.2167553299,690542.4163002627,525661.1301387342,312193.6664476573,237861.84068388707,597203.1220285338,578867.9384574825,553984.4750396267,459689.24524564773,468856.8370311735,483263.0526941425,517314.10789752385,521243.0758056063,553984.4750396267,421709.22213418403,412022.83815176005,313922.16184824,461965.0,479820.5,479126.38,465521.36000000004,431624.72000000003,436020.58999999997,403085.4,411466.43000000005,401390.97000000003,380314.11000000004,354747.36810178,319272.63189822,448196.5,432820.0,415735.0,395300.0,369840.0,372855.0,366155.0,365820.0,333660.0,327965.0,269005.0,269005.0,417410.0,371850.0,382570.0,331650.0,293125.0,284750.0,285755.0,272020.0,259290.00000000003,276040.0,228658.97431740002,176691.02568260004,273025.0,300160.0,314900.0,281065.0,270345.0,237180.0,249575.00000000003,245555.00000000003,232155.0,262640.0,230926.66662468005,178443.33337532004,233830.0,279055.0,266660.0,243210.0,225455.0,208035.0,233495.0,215740.0,208035.0,208035.0,114724.61549934001,133845.38450066,205690.0,224115.0,196980.0,186930.0,166160.0,165490.0,175875.0,196980.0,191620.0,198655.0,134724.32443884003,114515.67556116002,183915.0,202340.0,194970.0,153765.0,151085.0,144385.0,148070.0,127970.00000000001,119930.0,157785.0,79856.7568176,60843.2431824,152760.0,148070.0,141705.0,117585.0,119930.0,123615.00000000001,132325.0,133330.0,141705.0,107870.0
西藏,0.0,0.0,0.0,0.0,0.0,2177.5,737.0,737.0,0.0,0.0,0.0,2747.0,0.0,0.0,0.0,670.0,167.5,4857.5,335.0,335.0,0.0,0.0,0.0,2110.5,0.0,0.0,0.0,0.0,837.5,670.0,670.0,670.0,335.0,0.0,0.0,1206.0,0.0,0.0,167.5,0.0,904.5,1005.0000000000001,1172.5,0.0,0.0,0.0,0.0,3484.0,0.0,0.0,0.0,670.0,0.0,0.0,0.0,0.0,0.0,0.0,670.0,100.5,0.0,0.0,0.0,1273.0,335.0,1005.0000000000001,2144.0,2144.0,2144.0,2177.5,0.0,0.0,0.0,0.0,0.0,0.0,0.0,0.0,0.0,0.0,0.0,0.0,0.0,0.0,0.0,0.0,0.0,0.0,0.0,0.0,0.0,0.0,0.0,0.0,0.0,0.0,0.0,0.0,0.0,0.0,0.0,0.0,0.0,0.0,0.0,0.0,0.0,0.0,0.0,0.0,0.0,0.0,0.0,0.0,0.0,0.0,0.0,0.0,0.0,0.0,0.0,0.0,0.0,0.0,0.0,0.0,0.0,0.0,0.0,0.0,0.0,0.0,0.0,0.0,0.0,0.0,0.0,0.0,0.0,0.0,0.0,0.0,0.0,0.0,0.0,0.0,0.0,0.0,0.0,0.0,0.0,0.0,0.0,0.0,0.0,0.0,0.0,0.0,0.0,0.0,0.0,0.0,0.0,0.0,0.0,0.0,0.0,0.0,0.0,0.0,0.0,0.0,0.0,0.0,0.0,0.0,0.0,0.0,0.0,0.0,0.0,0.0,0.0,0.0,0.0,0.0,0.0,0.0,0.0,0.0,0.0,0.0,0.0,0.0,0.0,0.0,0.0,0.0,0.0,0.0,0.0,0.0,0.0,0.0,0.0,0.0,0.0,0.0,0.0,0.0,0.0,0.0,0.0,0.0,0.0,0.0,0.0,0.0,0.0,0.0,0.0,0.0,0.0,0.0,0.0,0.0,0.0,0.0,0.0,0.0,0.0,0.0,0.0,0.0,0.0,0.0,0.0,0.0,0.0,0.0,0.0,0.0,0.0,0.0,0.0,0.0,0.0,0.0,0.0,0.0,0.0,0.0,0.0,0.0,0.0,0.0,0.0,0.0,0.0,0.0,0.0,0.0,0.0,0.0,0.0,0.0,0.0,0.0,0.0,0.0,0.0,0.0,0.0,0.0,0.0,0.0
贵州,0.0,0.0,0.0,0.0,0.0,0.0,0.0,0.0,0.0,0.0,0.0,0.0,0.0,0.0,0.0,0.0,0.0,0.0,0.0,0.0,0.0,0.0,0.0,0.0,0.0,0.0,0.0,0.0,0.0,0.0,0.0,0.0,0.0,0.0,0.0,0.0,0.0,0.0,0.0,0.0,0.0,0.0,0.0,0.0,0.0,0.0,0.0,0.0,0.0,0.0,0.0,0.0,0.0,0.0,0.0,0.0,0.0,0.0,0.0,0.0,0.0,0.0,0.0,0.0,0.0,0.0,0.0,0.0,0.0,0.0,0.0,0.0,0.0,0.0,0.0,0.0,0.0,0.0,0.0,0.0,0.0,0.0,0.0,0.0,0.0,0.0,0.0,0.0,0.0,0.0,0.0,0.0,0.0,0.0,0.0,0.0,0.0,0.0,0.0,0.0,0.0,0.0,0.0,0.0,0.0,0.0,0.0,0.0,0.0,0.0,0.0,0.0,0.0,0.0,0.0,0.0,0.0,0.0,0.0,0.0,0.0,0.0,0.0,0.0,0.0,0.0,0.0,0.0,0.0,0.0,0.0,0.0,0.0,0.0,0.0,0.0,0.0,0.0,0.0,0.0,0.0,0.0,0.0,0.0,0.0,0.0,0.0,0.0,0.0,0.0,0.0,0.0,0.0,0.0,0.0,0.0,0.0,0.0,0.0,0.0,0.0,0.0,0.0,0.0,0.0,0.0,0.0,0.0,0.0,0.0,0.0,0.0,0.0,0.0,0.0,0.0,0.0,0.0,0.0,0.0,0.0,0.0,0.0,0.0,0.0,0.0,0.0,0.0,0.0,0.0,0.0,0.0,0.0,0.0,0.0,0.0,0.0,0.0,0.0,0.0,0.0,0.0,0.0,0.0,0.0,0.0,0.0,0.0,0.0,0.0,0.0,0.0,0.0,0.0,0.0,0.0,0.0,0.0,0.0,0.0,0.0,0.0,0.0,0.0,0.0,0.0,0.0,0.0,0.0,0.0,0.0,0.0,0.0,0.0,0.0,0.0,0.0,0.0,0.0,0.0,0.0,0.0,0.0,0.0,0.0,0.0,0.0,0.0,0.0,0.0,0.0,0.0,0.0,0.0,0.0,0.0,0.0,0.0,0.0,0.0,0.0,0.0,0.0,0.0,0.0,0.0,0.0,0.0,0.0,0.0,0.0,0.0,0.0,0.0,0.0,0.0
辽宁,86914.00091845577,66220.19105929263,89426.7328819611,76218.71948882591,78521.03375001461,83489.18557679025,81247.45853300123,81186.87131560153,83458.89196809038,74128.46048853618,78551.32735871446,77369.87661942028,78452.46207484973,68219.53221986862,89593.86284054659,83302.74722815526,74725.53967339706,72483.07543985396,66174.50874393311,87028.5535617074,78846.17677180454,83396.54680212642,86188.72016684934,106329.45194535457,87747.09179150179,76301.8189277343,90776.17374967143,89877.44294790126,87131.07867744332,94763.74633616635,88132.33459494944,93435.28260248178,97390.13440735884,89100.86973083769,106743.91517918062,106261.82899667768,94987.00861196706,82597.39876985163,97721.7049944197,96295.07891588158,93662.14668836552,101789.98884223863,99822.37917428545,96504.49191823581,102189.18237797635,102584.01314283173,99006.54101928048,121675.49852412466,108265.37962603114,98423.07231214156,111787.2783192114,114300.23434746203,114254.42525319703,98033.64311250983,111377.17785626772,110742.39469288148,110633.32542082199,122504.42499177676,119044.74768204978,118966.21780616695,106284.91976976288,101223.73309429717,87360.12414876826,100638.21732929043,109060.54651772416,111274.65274053179,101794.351613121,107954.58409904095,113458.21956716276,114710.3348104057,115340.75520290954,121974.34832956767,107135.3180915867,97395.74364524933,116544.87996644629,121581.58988088144,132789.65734698658,132608.60235536782,125599.81093282507,125473.29057723607,143007.2667535195,128248.01285842944,130291.97101682427,131288.864163448,115738.32539713617,100642.02205624274,113722.1672055467,122421.53234501157,113482.21480701586,120379.75557205793,104505.81371651992,113501.84727598657,125434.02563929463,100369.90692002409,143661.68238587643,114265.332180403,102420.16140346986,93514.06030963725,118564.84288498803,124218.99394855193,118691.36324057705,125905.2048945916,116366.00636026873,115087.71449173152,115753.0370512944,91965.02881511986,108144.36463242446,114003.56592746021,101717.97906055239,92470.88998443348,112764.53899686443,115979.90113717812,126293.49150312343,138257.2759600889,116845.39635036638,121287.21191559287,119330.50917484565,114036.28670907805,125178.80354267544,164775.3120711523,129642.12313100124,98774.95078292127,133390.1488019583,113688.89376210269,117123.05748464633,124533.62130697735,121189.83031397434,121099.4575844337,124488.43494220705,110571.03459295121,117168.24384941663,115405.9756233745,143288.27776401164,109172.02096118197,147430.82133269467,125655.80842583324,129451.45287748799,137642.05406263773,133946.29499128964,133846.40961098296,137592.11137248436,122209.76280525199,129501.39556764135,127553.63065166064,135393.66917211172,103157.08109223693,139307.97522855733,118732.67807420401,122319.19776166008,130058.5297188022,126566.3921283844,126472.01003134606,130011.338670283,115476.49572638204,122366.38881017925,120525.93791793207,121488.61915409888,92562.75728765523,125000.92250367126,106538.72663253282,109756.90756419914,116701.40325884757,113567.91129906717,113483.22232718121,116659.05877290455,103616.95710246734,109799.25205014212,108147.81709836598,107583.56913608593,81968.43348307347,110693.86977878508,94344.77519086153,97194.61736673812,103344.27679889285,100569.43046974987,100494.43462301626,103306.77887552606,91757.41847855254,97232.11529010492,95769.69627879985,91779.1394716395,69926.96328375877,86971.83754023648,86620.6344842049,87784.22910624437,87347.82113487994,86370.86585118868,88164.64091333345,84979.66547221549,81640.88054363924,85154.43807376361,74422.19621394521,78356.51307461661,70520.86190114458,80316.43055916646,81125.72455784786,73054.59842544569,73927.15260192158,74668.82365192611,74297.98812692385,71244.04850925817,68648.19983424233,74581.56823427853,71265.86236367006,69368.05702983495,69368.05702983495,71723.95330631992,69608.00942836583,66052.35115922648,69193.54619453977,69302.61546659927,67426.62398717606,68386.43358129956,60053.541195954596,57828.52804594102,48732.150756179646,62141.518582594974,48018.44619748884,58962.848475359715,57937.59731800052,60140.796613602186,62082.22965626109,63805.524154801016,62780.272997441825,59660.89181654045,59835.402651835626,67841.0872210021,72771.01831809101,63839.64324881241,49330.63344011328,64525.381350393654,56148.8612562249,58177.54971653139,62125.85736508489,59617.26410771664,63194.73623126788,56236.11667387249,57588.57564741016,65223.42469157438,62082.22965626109,46825.95552516593,54630.28134457066,62714.83143420613,57806.71419152913,57195.926267995994,55407.19020622037,58046.666590060006,58330.246697414674,57893.96960917672,51437.068703254976,59268.24243712628,54861.84384592293,56527.361156501225,48048.25689413677,58722.89607682884,53138.54934738301,55276.30707974899,55232.67937092519,54730.96071945154,59442.75327242146,57719.45877388154,53487.57101797337,62867.528415089415,56890.53230622942,62585.127482684155,47683.90656945914,64394.49822392226,54883.65770033483,56541.51063563905,60118.982759190294,58504.75753270985,58461.12982388606,60097.168904778395,53378.501745913876,56563.32449005096,55712.58416798695
重庆,0.0,0.0,0.0,0.0,0.0,0.0,0.0,0.0,0.0,0.0,0.0,0.0,0.0,0.0,0.0,0.0,0.0,0.0,0.0,0.0,0.0,0.0,0.0,0.0,0.0,0.0,0.0,0.0,0.0,0.0,0.0,0.0,0.0,0.0,0.0,0.0,0.0,0.0,0.0,0.0,0.0,0.0,0.0,0.0,0.0,0.0,0.0,0.0,0.0,0.0,0.0,0.0,0.0,0.0,0.0,0.0,0.0,0.0,0.0,0.0,0.0,0.0,0.0,0.0,0.0,0.0,0.0,0.0,0.0,0.0,0.0,0.0,0.0,0.0,0.0,0.0,0.0,0.0,0.0,0.0,0.0,0.0,0.0,0.0,0.0,0.0,0.0,0.0,0.0,0.0,0.0,0.0,0.0,0.0,0.0,0.0,0.0,0.0,0.0,0.0,0.0,0.0,0.0,0.0,0.0,0.0,0.0,0.0,0.0,0.0,0.0,0.0,0.0,0.0,0.0,0.0,0.0,0.0,0.0,0.0,0.0,0.0,0.0,0.0,0.0,0.0,0.0,0.0,0.0,0.0,0.0,0.0,0.0,0.0,0.0,0.0,0.0,0.0,0.0,0.0,0.0,0.0,0.0,0.0,0.0,0.0,0.0,0.0,0.0,0.0,0.0,0.0,0.0,0.0,0.0,0.0,0.0,0.0,0.0,0.0,0.0,0.0,0.0,0.0,0.0,0.0,0.0,0.0,0.0,0.0,0.0,0.0,0.0,0.0,0.0,0.0,0.0,0.0,0.0,0.0,0.0,0.0,0.0,0.0,0.0,0.0,0.0,0.0,0.0,0.0,0.0,0.0,0.0,0.0,0.0,0.0,0.0,0.0,0.0,0.0,0.0,0.0,0.0,0.0,0.0,0.0,0.0,0.0,0.0,0.0,0.0,0.0,0.0,0.0,0.0,0.0,0.0,0.0,0.0,0.0,0.0,0.0,0.0,0.0,0.0,0.0,0.0,0.0,0.0,0.0,0.0,0.0,0.0,0.0,0.0,0.0,0.0,0.0,0.0,0.0,0.0,0.0,0.0,0.0,0.0,0.0,0.0,0.0,0.0,0.0,0.0,0.0,0.0,0.0,0.0,0.0,0.0,0.0,0.0,0.0,0.0,0.0,0.0,0.0,0.0,0.0,0.0,0.0,0.0,0.0,0.0,0.0,0.0,0.0,0.0,0.0
陕西,0.0,0.0,0.0,0.0,0.0,0.0,0.0,0.0,0.0,0.0,0.0,0.0,0.0,0.0,0.0,0.0,0.0,0.0,0.0,0.0,0.0,0.0,0.0,0.0,0.0,0.0,0.0,0.0,0.0,0.0,0.0,0.0,0.0,0.0,0.0,0.0,0.0,0.0,0.0,0.0,0.0,0.0,0.0,0.0,0.0,0.0,0.0,0.0,0.0,0.0,0.0,0.0,0.0,0.0,0.0,0.0,0.0,0.0,0.0,0.0,0.0,0.0,0.0,0.0,0.0,0.0,0.0,0.0,0.0,0.0,0.0,0.0,0.0,0.0,0.0,0.0,0.0,0.0,0.0,0.0,0.0,0.0,0.0,0.0,0.0,0.0,0.0,0.0,0.0,0.0,0.0,0.0,0.0,0.0,0.0,0.0,0.0,0.0,0.0,0.0,0.0,0.0,0.0,0.0,0.0,0.0,0.0,0.0,0.0,0.0,0.0,0.0,0.0,0.0,0.0,0.0,0.0,0.0,0.0,0.0,0.0,0.0,0.0,0.0,0.0,0.0,0.0,0.0,0.0,0.0,0.0,0.0,0.0,0.0,0.0,0.0,0.0,0.0,0.0,0.0,0.0,0.0,0.0,0.0,0.0,0.0,0.0,0.0,0.0,0.0,0.0,0.0,0.0,0.0,0.0,0.0,0.0,0.0,0.0,0.0,0.0,0.0,0.0,0.0,0.0,0.0,0.0,0.0,0.0,0.0,0.0,0.0,0.0,0.0,0.0,0.0,0.0,0.0,0.0,0.0,0.0,0.0,0.0,0.0,0.0,0.0,0.0,0.0,0.0,0.0,0.0,0.0,0.0,0.0,0.0,0.0,0.0,0.0,0.0,0.0,0.0,0.0,0.0,0.0,0.0,0.0,0.0,0.0,0.0,0.0,0.0,0.0,0.0,0.0,0.0,0.0,0.0,0.0,0.0,0.0,0.0,0.0,0.0,0.0,0.0,0.0,0.0,0.0,0.0,0.0,0.0,0.0,0.0,0.0,0.0,0.0,0.0,0.0,0.0,0.0,0.0,0.0,0.0,0.0,0.0,0.0,0.0,0.0,0.0,0.0,0.0,0.0,0.0,0.0,0.0,0.0,0.0,0.0,0.0,0.0,0.0,0.0,0.0,0.0,0.0,0.0,0.0,0.0,0.0,0.0,0.0,0.0,0.0,0.0,0.0,0.0
青海,42065.48757570127,32049.89523930353,36463.47186598269,28900.677701186272,22742.4024527092,39596.62944854119,40568.98869830074,40623.00865662071,40460.948781660794,41325.268114780374,52453.37952869509,88214.59193651812,36804.813958289,32004.186041711,44220.0,53935.0,48005.5,56816.0,43583.5,49278.5,54303.5,50350.5,47235.0,60635.0,80562.046522136,70053.95347786402,52829.5,68005.0,56581.5,66598.0,66564.5,57084.0,106027.5,77988.0,64186.00000000001,149242.5,66836.39535755501,58118.60464244501,104419.5,66631.5,72594.50000000001,80299.5,73834.0,67569.50000000001,78490.5,92594.0,122643.50000000001,153966.0,105917.428609944,96288.57139005601,176377.5,116044.0,99059.5,86899.0,95207.0,111823.0,144016.5,130382.00000000001,99964.0,140767.00000000003,124107.69513377098,118197.804866229,148103.5,137450.5,150080.0,168538.5,269273.0,181804.5,147333.0,178622.0,134904.50000000003,100366.0,207535.69055165802,188668.809448342,123581.50000000001,145061.7,193697.0,269440.50000000006,184283.5,170816.5,176913.5,92493.5,97686.0,131722.0,122240.72094617701,106296.279053823,389136.0,294900.5,349036.5,291249.0,302538.5,335737.0,366322.5,147802.0,160163.5,136546.0,246805.15921967704,225343.840780323,341331.5,373759.5,408331.5,421765.0,422435.0,367863.5,397544.5,300461.5,298083.0,159091.5,265801.6032752266,241637.82097477344,378851.5,447861.5,389973.5,455432.95895000006,449833.9733,455265.0,227665.99999999997,210681.5,375702.5,401430.5,415179.5544147084,316327.278996725,359888.56600052305,285245.0115707849,224463.83153514107,390812.3242642716,400409.35269095225,400942.520936879,399343.01619909896,407873.70813392603,517706.36679482635,870663.7455983023,578498.1876772939,440760.5231680268,501457.45613745734,397451.4652348737,312760.87264276977,544545.6523685278,557917.85119886,558660.7511338785,556432.0513288232,568318.4502891185,721355.8369029203,1213155.5938851377,499886.97018148523,380866.2623243671,433315.18363079475,343442.404803667,270260.2849015772,470548.19200203347,482103.2635655213,482745.2119857151,480819.3667251338,491090.54144823406,623331.9160081507,1048301.7701764265,360061.99764214543,274332.9501011432,312111.21700198244,247377.03866083056,194664.92201160683,338929.66231474536,347252.6281014649,347715.015089616,346327.8541251628,353726.04593558016,448977.7654947036,755077.9516507221,220237.02510280587,167799.63787791942,190907.25037317027,151311.67251799422,119069.55912163659,207311.13262745747,212401.99263740866,212684.81819351713,211836.3415251919,216361.5504229263,274623.6149812568,461854.1331250179,144692.83794808,110242.16205192,161135.0,178186.5,197008.475,396158.94,258884.31499999997,283526.245,279649.96,292051.66,185192.69,173654.62000000002,126506.57883351251,113855.9211664875,210313.0,205690.0,270010.0,277045.0,222105.0,214065.0,199325.0,173195.0,270010.0,312555.0,121772.5,121772.5,185255.0,232155.0,244885.00000000003,354765.0,208370.0,185925.0,202005.0,209040.0,289775.0,193630.0,197478.20509230002,152596.79490770004,167165.0,362805.0,275370.0,277380.0,189275.0,197315.0,197315.0,238185.0,186595.0,187935.0,193698.71791350003,149676.28208650002,264315.0,214735.0,271350.0,345050.0,214400.0,213060.0,289775.0,284750.0,481060.0,452250.0,238880.76946965003,278694.23053035,405015.0,294465.0,352085.0,414730.0,352085.0,196980.0,269005.0,290445.0,272690.0,278050.0,242467.567773665,206097.43222633502,255940.00000000003,280730.0,295805.0,344715.0,289440.0,281400.0,331315.0,390945.0,373525.0,426120.0,260865.40560415998,198754.59439583996,226125.0,179225.0,141035.0,245555.00000000003,251585.00000000003,251920.00000000003,250915.00000000003,256275.00000000003,325285.0,547055.0
黑龙江,9955.412038853863,7585.075825762572,10204.326547369299,9543.135190927822,9498.094907791481,10472.766634861888,9168.400035233468,9404.411118867893,11841.991242206637,10254.771664482001,12544.61965913355,12895.933867597007,9438.98575376613,8207.813696625313,12010.528945156351,10493.359567927717,10883.57443325738,10593.222617276318,9524.188673999535,9459.277691922945,10190.275213154711,10880.328884153549,12282.406097007919,13779.35320674346,11077.761617755406,9632.836186651144,14034.003982582397,12780.473055634073,13027.634102771864,10471.389697071025,11124.743697434253,11599.093181840111,11914.910075405067,12296.386923916725,14039.2467926732,14876.848119084598,12257.83514367402,10658.987078466518,14502.860999274084,13924.404285922306,14892.32689173363,14533.568886948779,13333.964006648699,14126.127645606484,14070.70365321801,14475.648318326594,14367.796225030099,15357.439044074745,13071.02698015858,11882.751791070063,15176.936582377146,14947.501226498734,15097.295800521635,15174.689663766807,15015.158442432408,15112.025600300552,15552.920963174633,15978.087895776305,16604.72853043878,15207.39481242847,14593.042205593947,13898.13543118555,15084.313604106319,14192.536573423304,15547.17883783709,15846.767985882892,14799.953571086171,14543.305534260267,14478.144894560304,15039.62488952282,17846.026233841905,15216.132829246473,13384.7515051846,12167.955904512284,15747.903567027779,18182.939296444798,16582.00968671198,17263.325340892814,15914.674859439943,16266.692108393761,16816.18853743445,17827.052254465667,18903.326268820227,18155.851344445942,15348.834567057313,13346.812663263448,16273.932179471538,17657.78438581979,17188.927369128105,17769.631001090223,17049.868072910172,16732.802891228363,16286.165403016741,17495.25727300494,17193.42120634879,17311.25960458014,14754.782571064761,13471.75798494094,16620.95627595793,17247.347252997035,17936.65195112576,18501.377495192108,17161.714688180607,16933.777278042427,17275.308906814644,17399.38874563028,18115.9061247065,18935.03278698841,15805.132554115176,14368.302310950725,17863.002952231167,16800.709764785413,16993.195792404844,19216.288826777174,19347.289424570296,18321.873663987993,17683.998436273796,19086.32530675154,20665.160116952935,22280.944255413317,17161.42359387946,13075.37033420394,17590.509532525102,16450.728989015795,16373.087262618705,18053.254221851763,15804.749825391988,16211.592471712753,20413.562704323354,17677.468266089847,21624.773636117985,22230.379102015304,16658.18162974678,12691.9478860165,17074.68504285982,15968.327449157574,15892.962490458509,17523.860196706242,15341.290992781363,15736.203376364456,19814.954941157772,17159.093796602774,20990.64829686316,21578.494974715857,15860.850373977886,12084.45740650101,16257.418166457732,15204.015541618397,15132.257869626617,16685.093891528737,14606.991710646786,14983.001911883714,18866.52712007886,16337.786759088527,19985.94680315063,20545.656644686518,14587.73696255658,11114.466237603338,14952.47318464521,13983.624727942391,13917.626876668353,15345.820378238455,13434.522605342425,13780.351346018364,17352.1550569691,15026.390778072135,18381.721536844037,18896.5047767815,13314.62355113528,10144.475068705662,13647.528202832691,12763.233914266382,12702.995883710091,14006.546864948174,12262.05350003806,12577.700780153013,15837.782993859339,13714.994797055737,16777.496270537435,17247.352908876484,13037.59342762679,9933.404498785365,13381.648612712657,13211.631771196662,13442.627487221145,13196.896978265275,13554.978410890788,11713.970640658275,13457.809167298366,13643.374685597939,14386.318324108033,14186.23022185694,11122.641307437589,10010.377195713547,12155.829681958567,11971.083040663652,10992.425157047355,11758.874060797876,11686.473350020138,11306.993762495451,11279.531423924587,12742.525096881604,12512.840083379819,12640.165471299286,10722.79492380613,10722.79492380613,10637.91133185982,10480.62702913577,10038.733035768206,11239.586204185145,9771.599378760697,11069.819020292522,12482.881168575237,14440.196935807837,12383.018119226637,11222.11017054914,11734.164355428135,9067.308823885644,10026.250154599633,11004.908038215932,11531.685623529804,11611.576063008686,10687.84285653412,10705.318890170125,12665.131233636437,13538.932915436704,16826.92381523942,13943.378265298541,12025.687641742777,9292.576817950014,7704.434257244637,10470.64072420091,10882.575802763893,10920.02444626962,11202.137560679417,9913.904224082455,10066.195374339071,11996.048803000804,12130.863919621417,13092.045769601711,5973.346711625103,6968.904483953702,10812.671668219871,11561.644538334387,9404.602672404584,10977.445699645064,11484.250675089219,12260.6858837746,12932.264890643948,12275.665341176891,12158.326258192283,12412.977034031217,12731.189302101384,10821.51088676638,11089.791630162243,11903.675482353347,11661.507587682989,11561.644538334387,11361.918439637182,13414.104103750953,13131.990989341151,13993.309789972844,13838.52206348251,13416.600679984665,13795.67542782028,10510.99078362942,14140.60778776203,13224.364309988609,13161.949904145733,14512.597646585573,12705.076453375877,13032.127939992548,16409.99558420901,14210.511922306052,17383.660315357876,17870.49268093231
