date,Anhui,Beijing,Chongqing,Fujian,Gansu,Guangdong,Guangxi,Guizhou,Hainan,Hebei,Heilongjiang,Henan,Hubei,Hunan,Inner Mongolia,Jiangsu,Jiangxi,Jilin,Liaoning,Ningxia,Qinghai,Shaanxi,Shandong,Shanghai,Shanxi,Sichuan,Tianjin,Tibet,Xinjiang,Yunnan,Zhejiang,sector,department
2013-01-01,7.054573525533262,1.0591662274489118,4.999449247796185,4.2197981829417985,1.9812283350769422,10.671404570625691,10.750782050822135,4.850065165999545,2.3193561583012,10.028114405875332,6.79555998424132,16.651706233005843,11.231144385820569,14.512056333097393,2.7164856659503847,8.074273359093322,8.634803219911229,4.602731556827957,6.4396814948259715,0.3410573338682202,7.406763126397059,3.317792706247923,12.5636391379499,0.7995164237670485,2.0531076802527597,16.36525383393211,0.8789023221519092,0.25577517837169145,1.1929785480776969,11.064988518910576,2.4660855924507428,粪便,家畜
2013-02-01,7.091347295253722,1.060871023298281,5.035831757854738,4.265264776841576,1.9835859303405692,10.915228386510043,10.920113928870371,4.883903989440638,2.3387705062134203,10.049686758055993,6.796375182705981,16.751258111246667,11.33375497091514,14.699722103129053,2.7177973450593442,8.110221334734376,8.705969828350609,4.6043763723793845,6.444733326030894,0.3418400600383432,7.425777926574778,3.328597240038109,12.612410478515311,0.8039775836599169,2.0570296901984895,16.40510042823727,0.880512507081013,0.25588293048851485,1.1940734806912854,11.233103751073386,2.481727512577441,粪便,家畜
2013-03-01,7.177091630143988,1.065073623901826,6.206523229055161,4.396191371487765,1.9928050466271605,13.884268267435951,11.551658283209402,4.995884218093344,2.868880864784132,10.106963500516468,6.800294672780836,17.024480780835194,11.533671274452049,15.023593663495035,2.721614867874931,8.198644785058589,8.901225322972035,4.609057608900836,6.461279180947158,0.3442768796475,7.539439153241206,3.3575451102279987,12.758792625842378,0.8141655104098342,2.069212749358577,16.64471143038335,0.8857960125826382,0.25638111641949424,1.1981451944301926,11.85467945730826,2.521607438952984,粪便,家畜
2013-04-01,8.988164142248037,1.08366761291593,6.481679737717828,5.478686488395402,2.0462305147579047,14.821848213822284,15.12582021047558,5.248226048340941,3.006278162296358,10.407554637875387,6.82402080243544,21.704531679198304,14.737364086555658,19.457279187778525,2.751372498084086,10.175684903819947,11.22911713234186,4.640392631270247,6.5374572059356675,0.3570032494960407,7.816011383327982,3.4871940695779,16.037859557297846,1.0098235879383888,2.1247904139754406,17.100542591526843,0.9059976113638072,0.257876647599034,1.2343353332332345,14.832589316417035,3.145535433661657,粪便,家畜
2013-05-01,8.77982626871815,1.303233480932758,6.563125629685509,5.228522152480246,2.4060947211621007,14.133148278004992,13.640466925268523,4.971010979651208,3.04039138150733,12.446905810920901,6.83971766557781,20.958057424275772,14.130003181191892,18.284132383651542,3.4464431166938727,10.003777693460158,10.75880153270896,5.650904507969386,7.909562703396056,0.4296457104753489,7.588516809066727,4.113787518356322,15.68150021879219,0.9882919183940324,2.5399917158079286,16.608796294691523,1.0863366077772847,0.25660785603769426,1.548845562224325,13.879308982122035,3.0565420050743404,粪便,家畜
2013-06-01,9.826005637664219,1.385049404104478,6.857074451066654,5.863557420307341,2.5493851997037265,15.7038483622725,15.810941983856864,5.25332274147149,3.231340989122334,13.557193803380208,8.677704184398785,24.203466895328262,16.109668423143727,21.08559579833196,3.630621835008842,11.15351767351131,12.159187389495964,5.924425682245912,8.352272123014403,0.4493488575900883,8.04690342511922,4.297397893973216,17.94824988098828,1.0479748931649706,2.6683619918459085,17.233865047064754,1.171649255936183,0.2598287903412898,1.5929921479739708,14.632910701215494,3.428081802049115,粪便,家畜
2013-07-01,10.476348594790155,1.452189199425913,7.435315333109581,6.212414848064202,2.6678314496551607,16.919202235460478,16.971025390056422,7.028666461368883,3.478604377249673,14.584763795698017,9.167640496031593,27.129255556374506,17.8793975194313,23.501787848527382,3.83466655131966,11.843727444382571,12.9620920042681,6.26169263696745,8.835311072429656,0.4766935025229443,9.447632778620946,4.592169033056042,19.99596153199087,1.1668290319827692,2.813453890643379,23.21627394540796,1.2450893808224104,0.2689469451956373,1.6849468614306276,15.563090383943786,3.6110962460488367,粪便,家畜
2013-08-01,11.537057748736855,1.536971138908171,7.871134778447533,6.437876842914189,2.7574053398384826,16.971204039876085,17.31225623599506,7.379740278934243,3.750489379494902,15.679435137651,9.567248325790779,28.796605584594797,19.635879019454332,26.129921872759784,4.05616383078504,13.392320594698104,13.793445365449612,6.581908060778525,9.382159125606442,0.4879375459594507,10.499642083441174,4.689996768242034,21.814769730560574,1.3691833296221638,2.8945691002021956,24.189560055374614,1.3123106969848624,0.276635829818284,1.7661017515003399,15.792450825210098,4.069879628202207,粪便,家畜
2013-09-01,10.54754247212963,1.5224325664640213,7.6445976345293944,6.104676426975559,2.33349022768665,17.019427274992772,16.503874922824007,5.8572495779601645,3.524323816518073,15.619123227856305,7.8891775814113965,26.940676485864415,18.037535332982568,22.9619898872964,3.2718147883800075,12.101482562858141,12.771151514267427,6.4926880197130465,9.338928400421283,0.4352355064358192,11.456173885890033,4.014923049336358,20.794725206806014,1.234848428120465,2.448732612878421,19.76289326333227,1.2986055572322854,0.27910513841208257,1.783439408979982,15.91489633874022,3.6566936755659993,粪便,家畜
2013-10-01,9.360948576094385,1.172090557356836,6.620477535369748,5.840054664979949,2.1681475532233536,15.806356380786758,15.615827339650943,5.471028580811849,3.078794824783757,11.729248475667013,7.339021334111255,23.334583210859446,15.574228034953647,20.155607612277667,2.994886527043309,10.765706486238484,11.647372187249209,5.044420988181903,7.165886355666822,0.3778091784939358,9.329035274264228,3.6905972913045946,17.905700048593456,1.1250459274905646,2.272663754715253,18.515834412367113,0.9872233226717092,0.27070911712096357,1.332158114728553,15.69656957337796,3.3180202675634884,粪便,家畜
2013-11-01,7.273614858317872,1.0755118224530862,6.2134468556524975,4.3741502934206045,2.00588104064131,13.650580106063916,11.377289848353042,4.956210138596359,2.896232036452474,10.26354201620073,6.848771070112891,17.39428849305708,11.75548188217613,15.285336906161803,2.7463154601766897,8.33056182141623,8.965355007114505,4.654922810101036,6.53712607689364,0.34697329284634454,7.582239890684963,3.3820036241081253,13.075022385151,0.8306968368581374,2.084687146130023,16.61898275727679,0.8982800844303926,0.2570310957181811,1.2108066399681896,11.368549562907821,2.5502542015226086,粪便,家畜
2013-12-01,7.2255003998733605,1.0703912352092628,5.1343340810415405,4.362750970994138,1.993206816907137,11.434216836034766,11.505759830571108,4.988735107274158,2.394697523471339,10.18406986717524,6.8244341724485365,17.148235097914455,11.649711982733521,15.237689306091461,2.7324433764842833,8.26927314765625,8.92954963394142,4.631926727416462,6.503355758619295,0.3443350197371848,7.462596456869682,3.356929762187706,12.900650316412559,0.8246401489902206,2.0722582134470007,16.549145030298792,0.892464455460791,0.2563839518940769,1.1995193160509205,11.524050889403059,2.5381388712606285,粪便,家畜
2014-01-01,8.664724422628924,0.9417807343924294,6.067987587459519,5.111381688142976,2.0001692737730785,13.159441157077033,13.065480677292923,6.3192106370194905,2.751404652866659,9.743803587685175,6.454099729511808,20.276812566368687,13.80328190351537,18.050754809837056,2.7165062645005804,9.707480130800326,10.68528086849554,4.501828307255758,6.45798026270911,0.36041612489004177,0.5757619373350973,4.048224747254213,15.38520311150198,0.9167718166455872,2.0760517794897115,20.063247992672604,0.8933096773963679,0.2780347126350165,1.3427804789681466,13.675208823438048,3.097660927370192,粪便,家畜
2014-02-01,9.044200246255906,0.9609950202168006,6.3639241775967195,5.42533453437601,2.006754760476414,14.378568008539844,14.491509233406637,6.710540106253122,2.8782710309182145,10.08639169427208,6.4828641427519615,21.444905524867707,14.601555247886688,19.7415376286318,2.7248503211456456,10.149219720563417,11.270242283391562,4.535937828209947,6.618210893432502,0.36565532368903697,0.578313844700023,4.1432047446928175,16.075104172434624,0.9553776124722554,2.143131744806994,20.915066071808884,0.923329989914617,0.2836371936439392,1.343871859453325,14.894335231445792,3.2507569679375603,粪便,家畜
2014-03-01,9.256132818728405,0.9696530532127793,6.569094071518119,5.539801518009416,2.0240316190441616,14.810794405920861,15.00170776608407,6.923637572824834,2.9566445934773244,10.218403255429623,6.489279415313057,22.134831532885528,15.183674885320347,20.52562136928588,2.7318619005250993,10.365974590287808,11.524191588650366,4.549131352057334,6.6492923796715395,0.3704784847187095,0.587968136653924,4.224334025098467,16.476908872969616,0.9782374806910129,2.171500882514475,22.146185160326542,0.9340209117521588,0.29269956009926024,1.3463206405611676,15.854490608751513,3.3303346742839426,粪便,家畜
2014-04-01,9.304796291378997,0.9796403291053755,6.585550147030201,5.58488103212959,2.0626941468576314,15.05961124036916,15.172417912361055,6.948307738930318,3.027195402968295,10.392992344810795,6.506937067760853,22.39133247206756,15.282697323933862,20.59535706415355,2.7472045733893213,10.430658866435046,11.56583596396683,4.565250079758735,6.694949445272042,0.3776378519457126,0.6884924313246911,4.280300357922065,16.64006152743982,0.9864247029323797,2.6362516746319677,22.536346274305046,0.9412413385230065,0.3079775665123094,1.3678121413815154,16.104625844349226,3.3535056106805774,粪便,家畜
2014-05-01,8.812992179028166,0.9564463207475791,6.2469073072685966,5.210096976598694,2.509605516246252,14.223913381254254,14.371754391094514,6.542077413550347,2.8099954401364164,12.062231635948141,6.560871084881304,20.92811937332358,14.128761549608752,18.768084329092225,2.945662764318299,9.876385283654546,10.858299631349244,4.562140171425902,6.577593507492315,0.4530187103175273,0.75237851467017,4.148360283531548,15.707007541342664,0.9282306372613893,2.586268614344416,21.05754016744676,1.1030695460475162,0.3574744985474382,1.4859756900902823,15.322446534372073,3.14640452756312,粪便,家畜
2014-06-01,9.118302459573787,1.1903705832682163,6.5398538778193345,5.710299273952807,2.6350254828438846,15.133273347008688,15.307277803656062,7.194218046442862,3.056507298533625,12.59688435649348,6.6129865355024116,22.12912783480341,15.029582406595795,21.028318067393954,3.0088410896987816,10.200877466743222,11.893971376536973,4.616883276966764,8.088191616479694,0.47097871385208995,0.8020501823016236,4.334625896484511,16.476454513365344,0.9592868786804538,2.694628193259874,23.846253163283514,1.1368048469843044,0.395523644973604,1.8019138580429677,16.41713600829245,3.259435332963911,粪便,家畜
2014-07-01,10.092654631224711,1.2511775184015255,7.202499720945296,5.9905294059916425,2.8304184234237058,16.11195732767667,16.24223588997316,7.527117007545486,3.177064029524121,13.554725492797191,6.751799535296798,24.9782420735839,16.97524513040845,22.54248858091145,3.260592457676139,11.29716256588735,12.501620119288637,4.949344721249584,8.4437896888703,0.505416233472859,0.8750804233755144,4.797002798026165,17.76871183962617,1.0639053558235156,2.843920505255053,25.518358166387486,1.2002140830008496,0.4421496348350484,1.944586890126577,17.37912166031242,3.609033363242101,粪便,家畜
2014-08-01,10.599234772295159,1.349805475050451,7.501533349180643,6.12101622465425,2.8778472822262726,16.48050083655034,16.707451463736454,7.746209843588552,3.2236601609931084,15.097903864607378,8.552087863718835,26.951003917783645,18.09176761102142,23.498334735455902,3.920915095735809,11.921959102765303,12.882653026570711,6.149627389644563,9.2271677834349,0.5349460322731918,0.8819037896202535,5.024963147093555,20.372668025348595,1.11433840248082,3.0237211089636498,26.598500194465228,1.2953494245161359,0.4482903982074471,1.996916126193207,17.99379684322947,3.743470327773882,粪便,家畜
2014-09-01,10.674216873999535,1.329725360742966,7.477573220441983,6.254587473735038,2.904637011158278,16.800317009640935,16.823722357888755,7.765451083505227,3.240274751013037,14.89958952599717,7.356545805756705,26.989448937325154,18.027286816751758,23.706893648905652,3.9412815681525752,12.026888671579695,13.067537873004657,6.294996658231695,9.18634914228675,0.5348123490354337,0.8940454528871707,5.015986151721532,20.510499110644563,1.1268025963350536,2.9989980884043708,26.714563463239955,1.270683386996073,0.45584996269988487,2.0488368261002607,18.125225468158106,3.8062935627585777,粪便,家畜
2014-10-01,10.12673325263411,1.3266665642348854,7.077677612611031,6.147559460371588,2.7988515130784912,16.503677372706125,16.59303796208936,7.645000289365028,3.228336239766923,14.801247461788439,7.193814077559998,25.782340265591113,17.1578401967206,23.224175098371322,3.3445417270347053,11.382822085650547,12.85591308837186,6.147559164255789,9.043797787729766,0.5246020260868127,0.8527067345303527,4.76474986387381,19.49944183300492,1.1125612074076743,2.9765248583902317,24.868937634850386,1.2681280635828363,0.4178924186446806,1.6667097267883029,17.551131682517923,3.585829345591007,粪便,家畜
2014-11-01,9.044810466206192,1.1888781007411666,6.374019424566785,5.604006067992456,2.123320796363233,14.598305679450124,14.701348202433959,6.661744108906595,2.9666198663447556,12.540658675134896,6.635527530437939,21.710531451827,14.620219538540656,19.358865281291838,2.9925060839357065,10.157225506067753,11.120911844112857,4.660445192058912,8.151958307176226,0.3924827594826083,0.6681927821966615,4.228122507983561,16.40418523018731,0.9543035916379174,2.6413635552264156,21.470971974612738,1.1334264346058294,0.361457044626951,1.4945476744570527,14.860005263446796,3.227920524294008,粪便,家畜
2014-12-01,9.20293912697524,0.9874618666855844,6.446058392901784,5.4819577837867595,2.1017986803549196,14.525512579993313,14.587405662880478,6.791682140628502,2.899828898913566,10.487198662532748,6.630861021721872,22.012867669931364,14.919192524383272,20.007866074464957,2.973668600989255,10.32732828104782,11.39033839298114,4.672477999316089,6.806150382916904,0.3894656998065361,0.6579095633797885,4.23638603806701,16.619627084241664,0.9747488782846859,2.648756230749997,21.463506737087066,1.1352815034759636,0.3524229781780993,1.4758022560095971,14.818026018616207,3.3064645880138968,粪便,家畜
2015-01-01,6.942685499565011,0.811072426096583,4.889266576355437,4.010250257374894,2.003905726858756,12.368573779098941,10.159931268255216,5.3480100511316,2.5529811421781576,9.87487652338902,6.140854409750373,16.09354064321333,10.714645807451559,14.316428884404313,2.706029709703173,7.668746748041572,8.393267129665702,4.431614810435043,6.422601773152881,0.32906697893411363,9.378445550682525,3.301538564965498,12.230792393576635,0.6514603504063692,2.0975106470428675,16.016014241210623,0.9011208386537669,0.32781545849638893,1.4657361874199137,11.090278818581966,2.494831677326701,粪便,家畜
2015-02-01,6.969645155048696,0.8130832923599121,4.920764875400522,4.055842668356559,2.007156568164083,10.45806833621881,10.430059922203494,5.358871220874022,2.588771487224812,9.716218959304978,6.14265002231231,16.180663238665094,10.811579925169694,14.518672039379727,2.7077527252350118,7.700682545239314,8.458139842609175,4.356817054517652,6.372021638753817,0.33001406382700954,9.410192522986549,3.2893677805157924,12.228544817013553,0.6578190094963847,2.080500368608456,15.934704218851222,0.903542282890208,0.24669207354684894,1.4671226055126545,11.197286509110688,2.5097276390784073,粪便,家畜
2015-03-01,7.0460322089187635,0.8171065959883357,4.994979158370769,4.1478639353224755,2.014961975632333,13.155776832967504,10.921015519586247,5.443547893402172,2.7009750973655815,9.783324538427808,6.15173924168518,16.433671076008384,10.991728568749531,14.834132256563862,2.714757223639125,7.775740793982468,8.607446130816072,4.3669886251426595,6.397629995478961,0.33201045021465836,9.52594663254825,3.313501984859908,12.372390346515724,0.6645964324150073,2.0883068169467185,16.091617307425324,0.9096805672182213,0.24724749099919266,1.4733418722980687,11.56413139219772,2.5412619391924323,粪便,家畜
2015-04-01,7.285270800945825,0.8353668865444279,5.213353660570177,5.154805389167858,2.0482933256479585,13.902670820768291,13.756013659655494,5.6473748540778965,2.8725119209858923,10.118714235078244,6.197622758086895,17.289147740147563,11.568850803915902,18.62389803179324,2.747796029930276,8.009280043312767,8.927988150358829,4.4140914638353355,6.496638768820726,0.34010681813227994,9.833783990787365,3.39992761651774,12.963413212111677,0.6847812687481113,2.122317716149034,16.58299774748349,0.9390484558080825,0.2484884190976281,1.4967915397085267,14.919638902073352,2.6264182888603558,粪便,家畜
2015-05-01,8.590152609614643,0.8308557879437202,6.073470667472801,4.993617904592625,2.031410499292517,12.971099202782645,13.019787231265395,6.6165815130059915,2.6349173525130647,12.102283390123091,6.200147327873911,20.109308972704703,13.386851037280472,18.011362507092503,2.743856885850688,9.469926824697456,10.447189438810675,4.41725849058413,6.478546493221363,0.33522433234122895,9.569949957975497,3.3429817791044103,15.124571802172822,0.8073190922710848,2.1200906223223077,16.128647895962963,1.1217585209240124,0.2474236218928397,1.4902706914439048,13.79966566763707,3.092134733895227,粪便,家畜
2015-06-01,9.138550049282363,1.0515356685117763,6.349670040966726,5.275089393241242,2.1032683938165904,15.086186793379355,15.188123773245799,6.93470930708188,3.0200493878134416,12.884455108254693,6.371033753802657,21.9493126786874,14.551582836015431,19.74482461578729,2.8640492606659027,10.003663378367493,11.174703213021381,5.54860989607701,8.20225338240765,0.4318152780704409,10.181889395811044,4.224438747237916,16.54254909195195,0.8493717875035641,2.691284753804395,16.825411721415215,1.1941168475529336,0.2503376649627108,1.5576012967653978,14.874041433504203,3.2654951737645463,粪便,家畜
2015-07-01,10.170031418857588,1.1088041436649922,6.7206824068194875,5.992423893388872,2.6716644963848126,16.414463660631714,16.177373121944225,7.301147307401698,3.0553666693778987,14.018414771826235,8.272275426054115,25.16652346792252,15.657272822135786,22.748275758476662,3.79196536898315,11.205829074919912,12.610411810158292,5.889872057115086,8.653366087161386,0.45674157976336904,11.419320369494166,4.4302639076982615,19.31575946224966,0.9530930371640984,2.822764831158612,21.31559009750711,1.3427193340797274,0.2564881666276176,2.0249009073212734,15.605441973140614,3.6682406772559024,粪便,家畜
2015-08-01,10.569837331709712,1.1640011299410145,7.355488980425717,5.968199443682948,2.8039540755640266,16.06282442683355,15.897647512434808,7.366059640792795,2.995976319361376,15.028438312779095,8.68676335180515,26.7605979481761,17.534597560913863,22.993081523561212,4.081130433157641,11.740939661279068,12.550520805882492,6.233474842694286,9.261272290933078,0.4855832836116962,12.897928294253102,4.705962667331436,20.605584631885147,1.0062442803665288,2.9489288001933223,21.784335833169767,1.3946738663666245,0.26463059014076423,2.227915712996397,15.52035293834828,3.7469710688163853,粪便,家畜
2015-09-01,10.57567126288436,1.1465296657353266,6.950393743026052,5.953708459946309,2.7928710405056836,16.240813010375657,16.138927174257464,7.413302352107482,3.059211335039835,14.726620960958769,8.643423947489756,26.04014200376791,17.521650215891142,23.330328495114884,3.9848337344139377,11.73342374741881,12.681548729509009,6.129780807226673,9.15744906309819,0.4704787048145802,13.541659058489238,4.589349217195565,19.114380268726865,1.0094717880473423,2.8828600700281224,22.076930501310027,1.3610846918458963,0.26667447943106504,2.1319531795919198,15.751899324928777,3.7915707624939112,粪便,家畜
2015-10-01,9.46717088146644,0.9019634650167334,6.632914132070791,5.5150048279295785,2.176157404927155,15.74813194066991,15.691907420212885,7.2760705022350445,3.028869033714133,13.510173437349634,6.641280225852009,23.022868551390616,15.47144818107735,20.970623369357074,2.9793916565921568,10.471241365477372,11.505403816401575,5.759412255305622,8.56272128309777,0.44437035889689025,12.413476165228193,4.371945549087005,17.453903143904654,0.9430890638931009,2.719796842142344,18.41736223109756,1.209866651266567,0.26641208665642213,1.5837359336123928,15.975373197103396,3.4028968750569653,粪便,家畜
2015-11-01,8.632508161819729,0.8244909381111493,6.073269743325983,5.025480602528796,2.026209213523033,13.088597606704063,12.981385567960338,6.608950332116704,2.7713438946120896,9.926834557695395,6.1881576249329076,20.173465727116916,13.479764667192368,18.118762043785182,2.7350779615237206,9.53820724073464,10.49131513917237,4.399799450945933,6.458361250344735,0.33388173773739566,9.664271517765345,3.332007607415414,15.310323496583198,0.676905496061798,2.1070607362196605,16.20180682267411,1.1167298938699934,0.24813639732773907,1.4820048054091892,13.76087852451201,3.108556664787519,粪便,家畜
2015-12-01,7.06632583399492,0.8163413966801115,5.01705361142079,5.054028960698249,2.020954515793648,13.262240273879513,13.090769257559229,5.476488844825798,2.7253967587983405,9.777743379122427,6.1550730397847335,16.360100841720328,10.997544328938877,14.82740322314392,2.7162728097568265,7.8317918441190555,8.645344967720112,4.37223048905113,6.40022826208761,0.3329056624754321,9.607143319743535,3.3230414506828323,12.395244307171524,0.6743532090358416,2.0917266564136674,16.219919959552282,0.9086331868674372,0.247858669197381,1.4754287807055912,11.534998119230368,2.5729726117950746,粪便,家畜
2016-01-01,6.837985662262189,0.6866936721152355,4.79270624655286,3.909667027524958,2.0220738524632385,9.88122943432271,9.818131301061957,5.4182741230715,1.9434385394347817,9.451874904706736,5.867515643543503,15.63708425813403,10.350698983556704,14.0825228430546,2.681472479995193,7.404471273636115,8.081105697545237,4.23403768842653,6.285091401109962,0.35127855096276117,10.371713669241073,3.2541068767967696,11.859405234631145,0.5378892938929333,2.0966888965023442,15.589952408210896,0.883591285574841,0.24134522429468175,1.57169173505272,10.998179336419495,2.463304472741509,粪便,家畜
2016-02-01,6.860784866150301,0.6870840017936701,4.82385822308338,3.947100532628371,2.0230376902142084,10.115195753637098,9.994158231755106,5.458705105573707,2.0111135874243415,9.459233112119506,5.868311050879116,15.703793731345584,10.405526750150743,14.227092557984966,2.682196267406838,7.42920183263569,8.1415900778858,4.235050587570329,6.284996529426392,0.3513962172543097,10.399803568398907,3.256920834786733,11.895091538169043,0.5402475983829089,2.097343757161124,15.629506466687626,0.8849409935935062,0.24143149949576367,1.5724758720815692,11.150204582940857,2.478409358751222,粪便,家畜
2016-03-01,6.969779952371436,0.6911622688185599,5.925257602574367,3.9963840294870057,2.030407525810682,12.406462268702771,10.257561856627037,5.5310496357787615,2.4303224754707715,9.539517749542469,5.87361493570378,16.059472255505213,10.676579116485446,14.640697479473738,2.6883279057831166,7.525592915099738,8.2828005745272,4.245318391380249,6.312593187160744,0.35328090022545705,10.502357934966826,3.2815731871495357,12.086141533772905,0.547439825309866,2.1083174713297343,15.748539151870661,0.8927369135966904,0.2422253507878932,1.5770076016325385,11.453543141152911,2.514309690563527,粪便,家畜
2016-04-01,8.700926033340195,0.7085226709254757,6.126737162229811,4.96889097110334,2.069403220151024,13.209207057572964,13.215716738893839,5.748390612462267,2.5765930486957833,9.905289817382112,5.927518304165212,20.400850028550963,13.44594018982612,18.502238154084388,2.729223742045274,9.351809416869504,10.350488087408177,4.305545543587958,6.4429072297665675,0.3623282333645723,10.90101108532472,3.3729012970959737,15.345770138018285,0.6800206874535508,2.156087348121969,16.093690089145944,0.925617546971954,0.24359744708179581,1.6149345748967738,14.681531663973756,3.1260630281358113,粪便,家畜
2016-05-01,8.539932520634538,0.8514199808737919,6.29681732440022,4.886156828233115,2.4595913366170237,13.393590341710178,12.670616937278057,5.583978925038222,2.598520074293726,11.87654853061057,5.919870193516587,19.874953969345988,13.076288506473777,17.888725697123864,3.417799562998667,9.221362202214234,10.147520678513716,5.219892830259212,7.766642502180741,0.44461788908032734,10.62146568169173,4.045115289532237,15.048513432194936,0.6671258244145483,2.603301751540338,15.854471766273004,1.1069255895013212,0.2424242717372784,2.011399148748547,13.847717585988134,3.0663496429139507,粪便,家畜
2016-06-01,9.36119469746134,0.8873195617985566,6.5620341924639565,5.431451359793251,2.5758342500868254,14.590870531198542,14.368301301479185,5.863156791490738,2.7435693872235425,12.589244990592842,7.436874059191917,22.1756840542894,14.521450923762911,19.983526599482623,3.541292700029707,10.129034289475449,11.227598686434517,5.416137958941606,8.098218614664622,0.4567582741969956,11.336843806111172,4.156480144942619,16.848509440175306,0.7003516028832023,2.6778628757992307,16.498133542217595,1.170214759932058,0.24529140126064475,2.063014300194285,14.611218276592941,3.3937795597920757,粪便,家畜
2016-07-01,10.062285820222682,0.9523314508692241,6.97162083640272,5.7870518384399325,2.736896415737595,15.828273308838122,15.72931563496215,7.837715170518337,2.835440416723841,13.85638544331611,7.77444827878818,24.98460150049405,16.02045089085009,22.561310079108615,3.7744608303745673,10.866438171324022,12.171237566007871,5.700713464072691,8.654107855481241,0.493321630532073,13.055279806552951,4.461118898447239,18.953068356310855,0.7857111521528353,2.8352024182363897,21.973040260054354,1.2677092795970355,0.25266759415220547,2.237024927596226,15.38102678397907,3.6241030705530504,粪便,家畜
2016-08-01,10.887604508423829,0.9932290781928215,7.484915792086333,5.961258546260594,2.8684205364170428,16.0578856377782,15.987005350590481,8.187423738729123,2.835697272169512,14.790128036524319,8.387090318763086,26.724421695477478,17.721106494460447,24.460836945186742,4.1227601971255385,11.808432254975642,12.747991361286958,6.115200651549985,9.19373569359569,0.5172668927312514,15.235610398189221,4.679452139484139,20.394468286455723,0.881543622909431,2.969692886476534,22.96800807674297,1.3179148802846943,0.25956889962973123,2.3130819922962593,15.729682334642748,3.948683785385488,粪便,家畜
2016-09-01,10.140385708738874,0.9838212319701951,7.339669235642866,5.568878599087765,2.394706585515875,15.536186375347292,14.94385438716513,6.508066782577661,2.8023657989762643,14.602120594739658,6.85559575667475,24.71200498772416,16.54996486561431,22.129127013222032,3.2830324935137636,10.973350763652055,11.766463973631149,6.040528525764075,9.032763940366802,0.4482044877356288,16.936876047673827,3.9724463320962946,18.845845877659716,0.8289119233897172,2.5114522390113527,19.163113866696943,1.2757834484861639,0.2631886664782405,2.254057299493963,16.15941533352505,3.6247923882133883,粪便,家畜
2016-10-01,9.2907944811839,0.7664719246232283,6.464388598240403,5.374440877230529,2.231064526060264,14.603514626459804,14.471893997354481,6.206164520599303,2.6691575427969387,11.193921285172442,6.426511906026182,22.745104984450176,15.084667802539869,20.455009979825487,2.9794227631685053,10.07886911744607,10.984021584669383,4.677311571183383,7.037909836961877,0.3936885132976887,13.333749707148403,3.6331259343861952,17.206268957656512,0.7653982792958464,2.3365642915444513,17.76266128823827,1.0036658616227272,0.2571891830363444,1.7782979876923262,15.756766026467037,3.334850366773162,粪便,家畜
2016-11-01,7.036123920019057,0.6964655532052476,5.966988810398392,4.106526188984429,2.042155251377017,12.852208791814968,10.61766639345992,5.583814503241873,2.456815659462004,9.673102553830828,5.89689340919099,16.2191605152628,10.748811803908213,14.808166674384076,2.704575539513331,7.64109495257727,8.436957786166003,4.270561749657424,6.365853628850541,0.3567671517402479,10.621371836155513,3.3041505261689124,12.343829711248524,0.5609125070817161,2.126699768396494,15.930330909174689,0.902469665559248,0.24280680021121412,1.5848354242485576,11.489807754981852,2.5693919359706503,粪便,家畜
2016-12-01,6.984375026109048,0.6917004913797673,4.912271006214366,4.054317979870178,2.034889010926553,10.56564338353139,10.414372651772627,5.561797328430853,2.0757982837160682,9.570498240328444,5.874266223865939,16.05078344621373,10.66501718873697,14.65380939945826,2.6911556302714277,7.571389304140747,8.327471084181981,4.247331154173392,6.324145252493895,0.35503072035628663,10.513184967263395,3.291691732350548,12.161265775321102,0.5540348971931405,2.1163528344543736,15.878755585238988,0.8937602118534441,0.24258513870299564,1.5787894028231662,11.50646543670175,2.5361631422319078,粪便,家畜
2017-01-01,7.0052275424997354,0.773582124032786,5.597804300485232,4.382359423227608,2.1955222325844495,9.308788151994436,9.100902032377059,5.3497723567510835,1.6837142518208699,8.560547173681476,5.10199800395196,14.782612021036636,9.514553787734727,14.148892292736944,2.7306725771778164,7.280544697322165,7.65404417881941,4.177361207240654,6.484392840885311,0.3654362142637255,94.3058258569912,3.179612513944227,10.671616052126577,0.47947229127544433,1.9389876538228938,16.55193641306779,0.9959961843250755,0.24825106085884657,1.7977821369977205,9.820911875360556,2.805105359389012,粪便,家畜
2017-02-01,7.047688365846911,0.7745097454015886,5.648957086214601,4.454606465515374,2.19662559907605,9.640067996279232,9.350987955317494,5.401046694077536,1.747713527941191,8.573286880111507,5.103089658589552,14.878413483480378,9.612904237973813,14.370117750040782,2.7313398093317547,7.316376131910789,7.740763426593723,4.178078452881054,6.487825646757102,0.36575464000135716,94.45026866381187,3.1870092405023738,10.724928228220731,0.4825111709838393,1.9417567829326468,16.61708081284089,0.9983550112765704,0.24817820608341296,1.7976604144615618,10.017435600508822,2.8291180961128886,粪便,家畜
2017-03-01,7.131289499034034,0.7795055583566403,6.934467378264202,4.504528044858319,2.2099374410615513,11.802665430003339,9.618006790021086,5.461196392160866,2.1235207009448387,8.65324812892283,5.110731012869158,15.15407012291389,9.777952181091798,14.635816362916694,2.739179027934683,7.38983006806617,7.852295303538333,4.187964289349308,6.516495985299325,0.369000519744669,95.90807525478017,3.210597879587642,10.890691333573523,0.48668615910531543,1.9535642283531804,16.77639221313557,1.0069562537508616,0.24915956295130678,1.808698692085668,10.295166674286813,2.8577785126015636,粪便,家畜
2017-04-01,8.850761538829538,0.795141882217767,7.100869366744523,5.573773894975901,2.2346390482640195,12.448282187665678,12.017786345322838,5.59270836161088,2.2666408246847896,8.909101716678046,5.1523836017541464,19.00078777940268,12.215362096992981,18.24015312063045,2.7694108168947653,9.13059344100595,9.71951115562654,4.233269116174682,6.621525577034064,0.37597008921167824,97.30599834479125,3.264568040568719,13.650249257483935,0.6016228507211632,1.9823758583333126,16.959917367102957,1.036313016893671,0.2501532082289642,1.8382754116796867,12.870260966262709,3.5306778436506607,粪便,家畜
2017-05-01,8.753556380272691,0.9603167166593874,7.393075253213507,5.44163794913699,2.653394738905672,12.38994888473476,11.541448256831886,5.501529339345786,2.216874102973425,10.74774633660302,5.155255148727839,18.727012721264874,11.969117825343698,17.88852603897553,3.446524884209985,9.065843899018214,9.561460072132109,5.164387019634248,8.042919199713246,0.4816217169033342,96.3918041453353,3.9385872337323593,13.509305034077363,0.594118536427749,2.3998829349806425,16.790121123251676,1.2480045360833645,0.24931941664617285,2.387775067444419,12.246472855879599,3.4840573343667245,粪便,家畜
2017-06-01,9.798939914956584,1.0160489615444372,7.720369000192562,6.062805026874779,2.8661582109418546,13.58083076567562,13.189140464236935,5.78317543496709,2.348241160601186,11.646036478132354,6.48831444970867,21.66327263872642,13.609760807561335,20.42416719815418,3.593718344403873,10.13888526949685,10.715690778511483,5.3490858358797375,8.402786325470556,0.5071101743042775,102.15092717329651,4.106045812796749,15.60564203516531,0.6285673013889714,2.5164633534731577,17.389799625798457,1.3376021111536298,0.25269436137994644,2.505969720364933,12.95457636896097,3.877085630757236,粪便,家畜
2017-07-01,10.30137013390804,1.0678172125167449,8.103237675722196,6.326769148013216,3.015043925062143,14.731250228975648,14.145028651776945,7.589524622114957,2.460725835091032,12.494705110695218,6.824574322996732,23.348381430896648,14.588864972216887,21.67514558317976,3.8684414297476075,10.66309318214615,11.135898424059791,5.630268825949433,8.974741927949257,0.5460867037856059,114.26616642329088,4.330272754234241,16.95677151578028,0.6940142701141554,2.6252344977353586,23.05645585294485,1.4244479206315472,0.26042620416219714,2.6796406597348335,13.756594053815652,4.0062926078534185,粪便,家畜
2017-08-01,11.431992536944264,1.1224566393849351,8.945731586324813,6.7856851460134004,3.221591319391198,14.856073588691384,14.559998169269312,8.114735282172786,2.407299696911745,13.668685472541773,7.316425776833395,25.844294970839194,16.620911026904093,24.853819997651556,4.137331149073836,11.945957871066746,12.282267218095269,6.127373681974794,9.650433237683638,0.5946931374772786,141.06795351100928,4.681811203272602,18.649286149512125,0.8165217357029387,2.803596981549239,24.397053276524044,1.4900383217814326,0.27218368006149574,2.8785501700239124,13.921036183788084,4.594320982413857,粪便,家畜
2017-09-01,10.017493149652212,1.0837622729617071,8.725634562380906,6.386079844266162,2.5561725419112347,15.101903560211174,13.970240046782656,6.603450899324047,2.457652897334587,12.895250548534573,5.9189040814563185,22.82595156472835,14.847336675528576,22.673597652508533,3.2106259772911265,10.417351564271456,11.226546817057354,5.845726426088844,9.147182224854305,0.4882820827142896,141.83279645034136,3.7283113673460018,16.619689842777095,0.7236651829393859,2.264583208889439,20.110049424636767,1.4172697139874337,0.2773191600374921,2.744049904453397,14.311668549546766,4.104099496199936,粪便,家畜
2017-10-01,9.413260256468929,0.8724898183391807,7.583361448543733,6.1883689781861015,2.446971649016479,14.09298043323612,13.84823251118857,6.278125738144092,2.327226655335938,10.294680148204737,5.506804732684301,20.914440688118244,13.440172545373605,20.669586970805764,3.0182657586535684,9.767977426140948,10.60966706901199,4.576481357731772,7.251092425820465,0.42905583895649013,126.62494272954375,3.545305975133837,15.490484544059878,0.672756185093124,2.1701373417947223,19.279649846856152,1.1530266611408173,0.27175183381332285,2.0562970047417166,14.344378295081128,3.8315353672170667,粪便,家畜
2017-11-01,7.167957691237839,0.7833606121041014,6.9526675419231845,4.5532054249392075,2.216789089444976,11.881500228613016,9.615494950416005,5.476384299509891,2.097722193119517,8.728686594559983,5.135042613030198,15.222888639313636,9.810929159302566,14.712230774009958,2.755444010198434,7.4604555231999585,7.905049273676393,4.218159457778002,6.569198246907339,0.3707495266169566,96.7353816234685,3.2180430250914926,11.032802876018987,0.49432169765978756,1.9610718586732185,16.847761794152486,1.0144180365065871,0.25022674844719306,1.8196099158401304,10.170774281193523,2.892151941147584,粪便,家畜
2017-12-01,7.172991302480165,0.7782182196555663,5.7411121214063785,4.5433194659804235,2.209055335525713,9.930022807231287,9.593356336903371,5.477623671055139,1.7781110590373361,8.647120081769843,5.1120859392401705,15.226590291887858,9.847548280488493,14.729727100323943,2.739546761869257,7.443508281151115,7.8830527668502475,4.192301397125084,6.524889307814004,0.3695730494279611,95.1256397216394,3.214341481134389,10.931162379616415,0.49317339787505476,1.953922018343291,16.725460047107415,1.0056482679634384,0.24914849482106402,1.811089414642919,10.200719070271154,2.882800758010274,粪便,家畜
2018-01-01,6.822669240850314,0.6221082840112637,4.782396972005591,4.078423494145101,2.166056594079442,9.644823535439029,9.282897231256774,5.572999455109231,2.086281517097036,9.315734434695603,5.7297430080228215,15.110324007998008,10.01527481172896,14.461275146296332,2.5231397083550937,7.122166609455882,7.763356733763964,4.20952135700014,6.3155135391576565,0.40621287359544406,11.922059827572596,3.2179779422945387,11.746613859179464,0.5306222915259066,2.2049250270481133,15.583855041112303,0.8407885387536861,0.24734591732963074,1.9240979345659723,11.22417237906767,2.5131407723522727,粪便,家畜
2018-02-01,6.832265481851725,0.6223907969422223,4.802124909114819,4.123899592705578,2.1671121096354096,9.85020963812925,9.445225095949239,5.599396633571663,2.137452707433549,9.323634934398644,5.730583621461002,15.122308448338266,10.0302893545073,14.499840876217181,2.5235100344824253,7.139294540696987,7.805442342839827,4.210268052787228,6.317627485236174,0.40648943223650535,11.956331978010299,3.2210211723288418,11.776233126363055,0.5327394646226071,2.2064759280895285,15.627772349849478,0.8418413702236355,0.24767060269913166,1.9240520688951253,11.383056787924957,2.5263553596720105,粪便,家畜
2018-03-01,6.917627724219893,0.6248389143403976,5.924886594870064,4.1831849049364,2.174966112401937,12.211416512107794,9.786647058262844,5.682113286108962,2.179631055818419,9.379049326228824,5.733635834216361,15.432912726541856,10.258806087694666,14.940904706483018,2.5273710429304477,7.2124489466808495,7.944119942616135,4.215048064385245,6.33239997390613,0.40887555627043676,12.063127479193879,3.246106852206313,11.916082117356517,0.5377602725109165,2.217614459701607,15.739416533877174,0.8465737897338057,0.2483118474027925,1.9332136456758409,11.715666937938108,2.5538976428606235,粪便,家畜
2018-04-01,8.738047366106514,0.6414047456200894,6.203147718375124,5.295873131922631,2.244789569787586,13.397933146495866,12.903508176870037,5.988571427068856,2.3236106562923,9.799052628709978,5.772029695650008,19.77205046331567,13.123930757985718,19.222724809919768,2.5755351104976176,9.03583578617294,10.10529566752752,4.265073498735972,6.451253974393281,0.43214160791406553,12.490775918529089,3.3831570109284437,15.184112106985282,0.6749997544088701,2.294569089251254,16.098194365039756,0.8751836480175402,0.24961673574723953,2.0087536767190928,14.842986302659208,3.226260662005461,粪便,家畜
2018-05-01,8.531629322362203,0.7696382379586749,6.357730316164407,5.097768747087866,2.6231832012361433,12.889741980116058,11.819073301161426,5.7440470156463315,2.1635666362721193,11.665629744585232,5.791942518754199,19.118881416842704,12.652132552159104,18.365292506205748,3.1949478499043664,8.872210409924604,9.753913473623113,5.20293408460475,7.810652659817227,0.52999249925513,12.191598397512244,4.002821555717973,14.82517482395613,0.6599991416222639,2.7351286448976637,15.822863563170852,1.0486407054988605,0.2484673691855739,2.5530123959833406,14.048521182309042,3.139968274554946,粪便,家畜
2018-06-01,9.507319088808547,0.8117300750302899,6.645982082771475,5.780697584649366,2.8317713002374174,14.68274520882409,13.918039029129815,6.098143357525867,2.464704839809683,12.541827342262478,7.287591724914923,21.74909567530268,14.320146920522676,21.314000431821874,3.3400831363740786,9.361688482901574,11.095509082907192,5.388478576205552,8.17574043125211,0.5562876947337637,13.057439142750278,4.152215189155936,16.841053904186303,0.7007933209105621,2.846747978559606,16.48074712158868,1.1243815252704337,0.25216534776920035,2.638945279501057,14.852163422145491,3.5222466149926364,粪便,家畜
2018-07-01,10.226365837688752,0.879563721015316,7.057746776503569,5.912671808725684,3.0035535257779493,14.909804598216796,14.398856354376218,7.9454247705226075,2.489916529941013,14.028914330233258,7.652386242793326,24.813692141801063,15.915043955330773,22.77592961423123,3.6010644445224917,10.612259030379592,11.4839130223049,5.730221544580081,8.741595958373322,0.602905908489039,14.979463192521603,4.417418886473501,19.1958894428566,0.7822702453217711,3.0295813730323413,21.84403152662303,1.2866498569440739,0.2626826977148749,2.8678239799392196,15.52271820381497,3.6722141701662228,粪便,家畜
2018-08-01,10.851900841744586,0.9039852831356917,7.61427443522356,6.227237121153312,3.1282982332663005,15.494244667493227,14.962663092394608,8.438672669717706,2.4885898329723366,15.479289012400312,8.212984923838329,25.8242563531791,17.045035237401304,24.917565420650394,3.810709521453445,11.293385620106305,12.29276548162359,6.220005256049551,9.424041755097809,0.6265662783822165,17.54053748833753,4.60485093922189,20.504446990003988,0.8459005830252094,3.1466177397977804,22.990620739284573,1.313235593854374,0.2709534311186716,3.01907370701189,16.17741885295462,3.956576128316465,粪便,家畜
2018-09-01,9.949121772884755,0.8917071841624009,7.423807767908616,5.804421870495465,2.5781930517521974,15.18443402749876,14.135053247261977,6.6833807683194575,2.495167375348696,14.415356610552022,6.6055532884610715,23.859736149795225,15.902081727487573,22.469418214547655,3.035002912197615,11.023455987170106,11.219898430797603,5.8718541973281555,9.068212412106341,0.5492135392355559,18.280717010746127,3.9293794689292656,18.77601260976236,0.8245674873496264,2.6578625266929246,18.933834021993917,1.2689821410428839,0.2749116822558139,3.0112776837496638,16.25448938683505,3.6890917703683455,粪便,家畜
2018-10-01,9.218411295866314,0.6802950032644641,6.417787005963059,5.658518061495631,2.3612936741102546,14.295528837897196,13.672815315264916,6.348724833489275,2.4984821052162123,10.668044587626445,6.196300101314705,21.072740493845085,14.122521984337448,20.76742074808384,2.728110702889505,9.642138485614806,10.715801214787055,4.580872152616739,6.947924483853335,0.45052460466566346,15.827913692542737,3.511645104464062,16.451761302341865,0.7635462718184673,2.389369586661059,17.939990942171967,1.113322606036874,0.2677629459211882,2.1567916388500175,16.10595236318112,3.448828313398775,粪便,家畜
2018-11-01,7.004888338670928,0.6300388417779393,5.9307023543835315,4.197300782410114,2.1877576594777803,12.218621171261697,9.730041970481583,5.671009342942542,2.2830998166274235,9.501605002740998,5.786150426436073,15.694861567130069,10.38165828384048,15.02326166731186,2.547979383203754,7.313367841459266,7.995516208407265,4.255932955357858,6.401740534814609,0.41256763461660634,12.099301368596544,3.2624767672182022,12.144404371048239,0.5475087632329744,2.230650792581403,15.763893378383276,0.8566912889375629,0.24806811025171543,1.9475721895534954,11.521216445823244,2.5833264341867492,粪便,家畜
2018-12-01,6.995372890981623,0.62753074324632,4.886834791811385,4.25023845301672,2.1789175757015298,10.463396469570963,9.89971542802448,5.697913902753118,2.2199772557491015,9.449385329682055,5.748224810787264,15.546196392560633,10.345401764756698,15.03569914616047,2.5351415632749466,7.310213519748089,8.02043116650466,4.234454007862893,6.370979217803235,0.4106885176301904,12.018016474179554,3.2527628439450664,12.094206986877136,0.5495129862826333,2.2252737603939066,15.720516456129529,0.8520055295479366,0.2480185062838873,1.9336323980350651,11.620862075589262,2.598576132342145,粪便,家畜
2019-01-01,6.7354465858522765,0.3773619413618445,4.746653328696249,3.5946216211708446,2.174934440980636,9.549633214340638,9.45392846279203,5.5596179501011695,2.0940617255555063,8.966686499587526,5.391840980756885,15.264950352090827,9.789212442969148,14.024043799306144,2.46907937974914,6.783261601630153,7.606068634689997,3.9534792358255073,6.037718820050039,0.39918117098975703,9.612022540738277,3.2057722081669366,11.516199086823935,0.4334098715380407,2.1991390257340795,15.481443645030556,0.8367608575623309,0.23529329860241527,1.9624991012833122,11.364309579761628,2.2955773337911305,粪便,家畜
2019-02-01,6.768925040216362,0.3782842600058037,4.782540382570662,3.640294760719868,2.177990256284061,9.81786281945605,9.638557274637828,5.60248239668112,2.146634789108505,8.99416004399313,5.3943477760926,15.360692638411539,9.866757267599743,14.159657233275809,2.471440383751609,6.812006565206309,7.6666953429522575,3.9571410165484724,6.048064543704688,0.4001939622097907,9.640439364121294,3.215370995033388,11.582060395627188,0.4358250868413262,2.20397649934153,15.539147646004173,0.8394403412913533,0.23543237057837127,1.9648305295624444,11.543686052878249,2.311343789496199,粪便,家畜
2019-03-01,6.816052409339586,0.37952183873572254,5.890080658822219,3.7156632389072204,2.186687291297788,12.361218556144792,9.99808632432067,5.669419041044218,2.2821046507482525,9.037480289928565,5.401819814713768,15.520482692303982,9.967399268017479,14.325704498222784,2.4753978101140848,6.863226998283296,7.747049544152984,3.9662308564480884,6.065979100540815,0.4030771787708826,9.75176360828911,3.235062024207985,11.70028251556632,0.4397369265984808,2.2140139602628883,15.71493380617243,0.843576914950364,0.23594854037911117,1.9719775641054353,12.000915274151543,2.3346299345636092,粪便,家畜
2019-04-01,8.599469893451227,0.3894823843200707,6.078577926796484,4.612318748439401,2.2248935149594784,13.028327594971156,12.791311705848013,5.886889154556266,2.353882313853328,9.4082071315386,5.452282865518083,20.046554550455294,12.771117655666549,18.44355069710391,2.5119051762199383,8.596398700173786,9.784485179545223,4.023426334517591,6.18938740266288,0.4151734063674885,9.91556453615412,3.3252243025626558,14.935750711451009,0.5478339980356365,2.266272124756871,15.926757287752922,0.8777802981730427,0.2368559799366999,2.020085621817708,14.946844957815161,2.9192432538376814,粪便,家畜
2019-05-01,8.396861379004548,0.46670822626358394,6.327585159419136,4.477695421556606,2.643548791841296,12.849991446051218,12.188009065348268,5.753141059188848,2.206439116025907,11.195602046063115,5.445709778671213,19.241059772315868,12.34705991242134,17.779899338432834,3.1276286177001036,8.409942878675388,9.533144560808202,4.876634725046028,7.458714927677637,0.525831588274424,9.871447108604622,3.9915371232403563,14.43921328296119,0.5367526197709482,2.7249112381592338,15.782270169510783,1.0406229386160677,0.23652035552427983,2.6127880398386245,14.318267061873037,2.8568127439348525,粪便,家畜
2019-06-01,9.347589186105797,0.49216075595057346,6.5069398668717255,4.920530445408778,2.821004531284029,13.774885877675663,13.641090190145693,5.948839920396689,2.4155332781295042,12.079674191399732,6.823690324060319,22.173023875138885,13.850611400958966,19.935659477871205,3.2341055747362013,8.924333544896113,10.567513463749405,5.070523678963573,7.846174823807478,0.5407621312822948,10.406636304084309,4.108832191496093,16.736337314584954,0.5645176564005074,2.8287577918484255,16.327938611624194,1.1280343586764552,0.23969622543344246,2.6770342238018134,15.34165044689432,3.1494510390162582,粪便,家畜
2019-07-01,10.105488459371362,0.529722692255802,6.9514651369560685,5.249038454523565,2.988144536532453,15.214871465155618,15.069852596996613,8.03586344316508,2.5318243718185034,13.444291254469883,7.152857733164187,25.21371804727537,15.377751116652407,22.426732694172564,3.4982189768257377,10.044087461721258,11.385685407144083,5.316476660687149,8.254869317476196,0.5854261199306006,11.825930332848097,4.381811710350663,18.99552336093276,0.6296104425586623,3.042089833582322,20.803270889921805,1.2615667161940247,0.248219889192298,2.859353718602623,16.056846317421844,3.3411748023698764,粪便,家畜
2019-08-01,10.587438512283315,0.544941492947243,7.309635274598269,5.471932824996668,3.1066185205016836,15.43870260063672,15.201435065140869,8.240510133008087,2.500995448690565,14.695769745899222,7.618492867248363,26.135846326113327,16.54081037686771,23.677198565834676,3.670287653964875,10.620413273637382,11.77842184947336,5.727976945301502,8.928457488774336,0.6171968802356462,13.103965848253099,4.57577760229585,19.769913194592018,0.6772058358005348,3.1216782582344638,21.41278071843603,1.3090741542466917,0.2545783594225647,3.094669752297624,16.104197387112784,3.552001658693507,粪便,家畜
2019-09-01,9.837717804776942,0.527792763686247,7.504513489313236,5.261272894820738,2.60074248021572,15.291046439642894,14.754263658727382,6.843421916480656,2.469742805915791,13.387563095749483,6.202833499557565,23.507436164256312,15.867209679794634,23.24674987884356,2.9190156071982303,10.321184431575338,11.49140179082115,5.520168043815946,8.529620279089876,0.5380279754110969,14.608476733622027,3.825196899979182,17.569403477700483,0.6757081631343234,2.5701283432075934,22.069687666637094,1.2387970015567304,0.26131853038582714,3.1098369561428814,16.63267969198134,3.419920708996347,粪便,家畜
2019-10-01,9.187619487177718,0.4333583159912369,6.499227637561511,5.005546039614893,2.435568456289941,14.11937749814129,14.009173964321377,6.399869864116205,2.454152639877181,10.937041909290711,5.898324364954732,21.818296141789343,14.228859659090256,20.72610873962322,2.800316882709924,9.279656207086717,10.524081215438203,4.421604959585786,6.843536938220619,0.4624664141439643,12.83080202304131,3.5728554028034885,16.73589412525855,0.6230092307832585,2.455835546775736,17.663703412997517,1.1518720998504317,0.25619679634917264,2.270792331172525,16.048962817731855,3.1658743991608143,粪便,家畜
2019-11-01,6.949684291196121,0.3833304863171758,5.922816904391547,3.748863689089317,2.200625864298573,12.277830859692335,10.081704374355608,5.708732484635298,2.2845917276706693,9.187711534400574,5.438068631993367,15.877028814953954,10.215011284709004,14.76373023973827,2.4951935414047837,6.993541635535559,7.935598957929794,4.00211997165826,6.133276711214078,0.40638727320769735,9.840630104789108,3.257626659081852,11.972762227597169,0.4488375631849686,2.23198506642259,15.7622022099517,0.8559950270717006,0.2369819190521334,1.991209491487383,11.770565144660205,2.381451111576581,粪便,家畜
2019-12-01,6.929882903704094,0.3809160698593742,4.873645120649465,3.7305915422002074,2.1926514773937966,10.289812485129303,10.111539588272635,5.702914822046048,2.19613501865888,9.104804307630756,5.403974378990271,15.826897430649726,10.192836762998054,14.72456216903356,2.480376712370442,6.976756976175812,7.882252371418537,3.970200870934477,6.084414527336923,0.4047069523658918,9.79102586240318,3.2490507248994893,11.890986889068593,0.44852372064980506,2.2229129161224064,15.741440511483908,0.8488181030266384,0.23679422618760418,1.9769200525570338,11.896923252356908,2.3718854238518037,粪便,家畜
2020-01-01,5.454622279999912,0.0748190271647137,3.918274732357645,3.1406514290376832,2.015953842491898,7.100157829089626,6.7844867401515065,4.665004372826261,1.1868810088485933,7.3958653634968226,4.69243411433448,10.968661190898292,6.850182413141819,10.76694502455877,2.1466658030803156,4.015829316296681,5.766781133579026,3.499666357926725,5.3070302736564745,0.376725265649681,14.05956339061181,2.9582948430029066,7.700170341540315,0.2980311347791134,1.9262315855179426,11.027169853467079,0.5688451906323357,0.21372988012856825,1.9045316373122092,9.487870914697698,1.9058907325331842,粪便,家畜
2020-02-01,5.48170158369171,0.07516645198553389,3.9470430477913543,3.193167169907028,2.018662796615984,7.360427637173472,6.994635329511933,4.706244023386124,1.2242755609662823,7.42221924553171,4.694629285238132,11.03740729963998,6.917885333387247,10.904682690522348,2.1484124421755917,4.038838425125947,5.817928775195143,3.502149374302836,5.3153539015263,0.377656776142692,14.112542221988164,2.966359570755082,7.746475030820566,0.3004890772360279,1.9298997977616976,11.0725770199488,0.5707571007051754,0.21390995638287327,1.9064276546445855,9.69940447734295,1.923420117246984,粪便,家畜
2020-03-01,5.587584162125441,0.07550698176366298,4.881341303858726,3.264087412748232,2.029093950049642,9.15875236959213,7.3079483798120455,4.7997631761019806,1.2650415562364061,7.499606612418466,4.700859455624202,11.314411436729351,7.118972021143813,11.334625935732587,2.155111268973345,4.099587470209102,5.981518026675081,3.510736594501639,5.339248151655051,0.38157180540089036,14.237922468876304,2.9969338577497457,7.887981101613791,0.30503634770112004,1.9449101944525649,11.155906898755495,0.5755263950620864,0.21443924976225198,1.9179090177255034,9.988590491806853,1.961086055940789,粪便,家畜
2020-04-01,6.968817935681045,0.077282259522439,5.047412946453511,4.053113735827222,2.0601529141221824,9.80252631564444,9.290235025320142,4.983363163137347,1.3522006771661743,7.786606379358882,4.743500018788406,14.37648651875731,8.976760355729883,14.266166877169056,2.1851126123326052,5.09316858295964,7.439577925162815,3.5552669145020133,5.436205468220572,0.39306105285759135,14.66838981635061,3.07843929195741,9.976025262471534,0.37803997674381773,1.9920645127855248,11.44690562136858,0.5960590851344281,0.21592738569493375,1.9573715984107056,12.845594739566845,2.428759440185577,粪便,家畜
2020-05-01,6.775651747435573,0.0928893815048585,5.163506998324064,3.8724925440316325,2.429778146216404,9.309370361117526,8.471230968310927,4.751512925385408,1.2256480763646687,9.250720255114953,4.737712812052385,13.79031754083708,8.595670932368765,13.53855643948304,2.7279993963384688,4.967936726497725,7.157456308126885,4.313075406885194,6.551343527347922,0.4953754090417854,14.368253674877375,3.661037444287156,9.647160958910137,0.3673621686388739,2.3805943340119318,11.179792513913757,0.7088779029750639,0.21471802656628347,2.54139470907697,11.87808069039189,2.352891847932502,粪便,家畜
2020-06-01,7.682764519230645,0.09797605745014111,5.494400301182351,4.411660522918454,2.6299458418554305,10.744856968742825,10.302948138260481,5.151725850862589,1.4116591801489229,9.924309378982993,5.956028197827532,16.21935080992537,9.916586702076817,15.848539749356735,2.8380214809381603,5.328384833416814,8.212730034341057,4.463152507504062,6.807083023874042,0.52183687651269,15.224643752311197,3.84220455346951,11.038862100045398,0.3934170154365231,2.494169560166719,11.674853734656764,0.7497523338942577,0.21763312849686642,2.6488610735198366,12.768904661065823,2.6605733716403384,粪便,家畜
2020-07-01,8.145587244086261,0.10779969315890091,5.791574174486116,4.702652395951375,2.7605403267775896,11.278910930429529,10.779399687982608,6.7706300289565275,1.4287432817872416,11.168999168098411,6.209578045622059,17.59147948460947,10.768558396296854,17.42384998164346,3.05745908693074,5.967482546281416,8.736708455143946,4.760299032170269,7.407731696780976,0.5639505442463003,17.282534463955777,4.04466613012711,12.418929484129995,0.44088091216594827,2.6456763675609563,14.975481835822848,0.8703282227184953,0.22605168613491045,2.784708922695668,13.547748244194198,2.838287962099644,粪便,家畜
2020-08-01,8.142378022462694,0.10717257715746972,5.970984373815308,4.797542232790503,2.8797219669274243,11.629964569980421,11.047098436872702,6.9577570647688685,1.4261564447198725,11.786948013692129,6.803473093250267,17.51004567321433,10.91915600413354,17.96637338687088,3.2552468234971603,5.9983203883846,8.948700165002268,5.073515278480465,7.729842243988327,0.5879038909570331,20.030406129922657,4.14013336005327,12.49375031527035,0.4535164548383393,2.6807994706933163,15.467058634971753,0.8771272154720771,0.23644250825222565,2.9471611305133143,13.636453604453129,2.907429498038798,粪便,家畜
2020-09-01,8.356442374558709,0.10766464233695322,6.237350506001207,4.469569732969492,2.3493715941942637,10.963631626530034,10.165117353508801,5.682438655886998,1.4050619459272435,11.388993240790027,5.400043469545814,17.73641177698641,11.391961909253984,17.489589372369398,2.5535577060937023,6.465944999032587,8.449879728079424,4.981779182488745,7.669900002293267,0.5064423128805416,20.887665412877475,3.5163087964859994,12.533408324481284,0.47932970758660026,2.2699856265450227,15.718830512789422,0.8620708925922609,0.24096423604552475,2.985209494440457,13.82795570639774,2.853218250841695,粪便,家畜
2020-10-01,7.3559806384168915,0.08379941305407934,5.2647926520369115,4.24275190725508,2.2310340849171495,10.327448447397405,9.824148511810064,5.2303448853652075,1.4149582083736547,8.765253383143117,5.129473359120165,15.893267359298472,9.680227585788359,14.942369876075484,2.3712677370641715,5.448280931852203,7.665213710981476,3.8412459074970178,5.920259887375338,0.43091574969024626,19.580527113795974,3.3057022962420786,11.222479192778481,0.4210361062620715,2.145001582724999,12.827122329162096,0.7640682677577306,0.23904603165085936,2.166396221695663,13.771320887172369,2.5467268488062693,粪便,家畜
2020-11-01,5.592146697584832,0.07584829490388462,4.859963195719069,3.252147786866411,2.0343831872869913,9.027565491754869,7.108133938018262,4.751676705973339,1.287000566698585,7.565369021455996,4.732070404958756,11.32353225089453,7.0863787333233415,11.193026626986178,2.166734851458053,4.121554385778763,5.949745166608965,3.536746243477673,5.386761099292203,0.38266845703105146,14.53712811887875,2.996590503203205,7.956187301751813,0.3075524514881539,1.9495363266033945,11.260474690244568,0.5808483876106753,0.2164159104464016,1.9267400283693912,9.870766965735598,1.9631638051951885,粪便,家畜
2020-12-01,5.59578940320047,0.07546323834371434,4.025374156273431,3.29489338200252,2.0301161643588745,7.764403898208793,7.2760290053849905,4.7840354733749155,1.2471599003268439,7.5170039921322385,4.709314139807943,11.33328986612241,7.123213969130133,11.300411089158507,2.157471568629463,4.124772403681167,5.99279459871717,3.5208600095263582,5.357999936593475,0.38138600068176004,14.36612140336604,2.9959383651410665,7.927469090587193,0.3094411796605296,1.9454921168640118,11.258772761561977,0.577844515623426,0.2151060582818873,1.9167600584108588,9.945689225887042,1.9765964705342294,粪便,家畜
2021-01-01,5.7422718233418655,0.08865244968492314,4.090179828061999,3.5782878401020897,2.2848753159628985,7.110995332112409,6.763160286470115,4.937229239929755,1.1297056218437889,7.582152916450754,5.155211661410351,11.690971298928586,6.829936420971593,12.030017755912315,2.297237437003109,5.125657072381841,6.132154668083793,3.5983072633368804,5.5693752320595,0.41864308751933305,18.63920460151609,2.9590177810088982,8.964432872563844,0.3189013857320542,2.2077800025706917,13.609746863705949,0.6287451512619839,0.2482035317323172,2.003169297989634,10.830959212319817,2.078364734708479,粪便,家畜
2021-02-01,5.7815073344365056,0.08880316932117986,4.12162365011412,3.6109149388196253,2.2880551079808016,7.286755960700786,6.928720944666211,4.976678882646861,1.1471606851157208,7.602692368514862,5.155223736498142,11.800160303325999,6.90716477718117,12.209742829067574,2.2983576521306373,5.154924917149276,6.1909891545064175,3.5991477047889737,5.573532156293009,0.41989144332320244,18.71338751457675,2.9709178844168647,9.014195597640786,0.3209264351966538,2.2136283030230586,13.666975223655756,0.6301672792764992,0.24862637132040602,2.0052973582385203,11.002730780819105,2.094980246278401,粪便,家畜
2021-03-01,5.938769182719439,0.08971573791704343,5.149765336936193,3.7695390466738736,2.3082666070538815,9.395424344176691,7.492372806368151,5.125907458290463,1.210710352269898,7.721868706884788,5.161007096493587,12.217898260912598,7.165134402409362,12.779304298345236,2.3074430849364598,5.272157920076959,6.433636452117334,3.608508575725925,5.605116523819287,0.4271082455750703,18.993049754825545,3.0140954193785894,9.252499310120848,0.32875097232991063,2.23867014442988,13.839114636544966,0.6380543323649625,0.24930077766533568,2.0228465554019763,11.436832731119896,2.160436303801749,粪便,家畜
2021-04-01,7.324389491960157,0.09200768063198868,5.2861000741153115,4.674840607967278,2.3483558743908817,10.021550309462048,9.404941779076779,5.297686736042126,1.2902134667975593,8.007910930692764,5.2147885280058155,15.212074179633808,8.892690499313012,15.909153398863127,2.3491357346828226,6.498782815352204,7.975674128002308,3.6665062849727024,5.722549460952952,0.43938234209212734,19.773089733459884,3.0853396786756395,11.585481823176496,0.40490877839866474,2.2857132934800166,14.200273182687674,0.6598481816475249,0.2513698906539648,2.061991058361738,14.641346579781695,2.6653302219243846,粪便,家畜
2021-05-01,7.142186832209957,0.1101212836146188,5.405928697333023,4.458344040632466,2.7512648571666025,9.568558277721653,8.622735666772602,5.053399401803783,1.189588756926143,9.4883856249301,5.206868349413038,14.675614436684702,8.54471336528737,15.070685450507037,2.915228541856987,6.358699889653136,7.653514809959859,4.442085289585373,6.888143983404187,0.5493947587171355,18.989204338608875,3.6603136612878115,11.235722777416973,0.3954961659606838,2.729155864169188,13.856605175115506,0.7828996119698658,0.24912914103508438,2.6463164730840703,13.641649187407365,2.5832069719711486,粪便,家畜
2021-06-01,7.99292682483319,0.11533518678993081,5.679026708525927,4.772419733577696,2.983329653881999,10.871318658785174,10.176510813132792,5.390593241846347,1.3443370362878282,10.10525788589474,6.525429377991278,16.906442920906297,9.719687366553186,16.555680765501762,3.018285626290286,6.767357470782002,8.203721816737456,4.585601913277005,7.141232669769005,0.5795971204344855,20.371763156835176,3.829682863970669,12.756371225943443,0.4204642442759334,2.842590908432986,14.462586864186648,0.8296186981126693,0.2527146425393235,2.7654264764933827,14.552808583116347,2.8899485197631516,粪便,家畜
2021-07-01,8.712685146530548,0.1250354629418263,6.077588548093499,5.265045950906928,3.134793232152835,11.128023022921058,10.78312101197615,7.179323694026943,1.3668791063286525,11.302866867307415,6.944223694631156,19.440312132096654,10.966881849450141,19.66396533493729,3.2543940964882205,7.733272856496564,9.31587869740004,4.843123287952315,7.59641072548359,0.630176267330654,23.483860091603443,4.089924162373128,14.649116125216842,0.4701226629741992,3.0485279171045674,18.447469214064323,0.9457337828315789,0.26176720900441697,2.931834630823628,15.24310956052259,3.06623696038077,粪便,家畜
2021-08-01,8.921356694035671,0.12884896614519878,6.391682913954155,5.507820222133874,3.33727696828737,11.52214238877425,11.128261699677573,7.438450072477926,1.359814992447547,12.458594035958704,7.539463020027227,19.535735841682285,11.459153914626194,20.95987522315232,3.5066848103528487,7.984905284176784,9.714709099148466,5.365424210314349,8.254503038353112,0.6901659644513055,27.428758871675008,4.275664539259215,15.273955543774251,0.5063614297309381,3.1496553937638487,19.288783237330343,0.9781789812992449,0.2723731364822789,3.2231510495485822,15.523123982891885,3.255682213400343,粪便,家畜
2021-09-01,8.289978580738618,0.12530738113086537,6.251063486321618,5.299331074740699,2.651853879508611,11.137360108806778,10.42444891855473,6.0254460476306955,1.35970803425554,11.406954571712268,5.91153011788303,17.722302521994735,10.494769922809176,19.599069107235188,2.700700003202602,7.754097201098595,9.247410792067676,4.989114214015608,7.861792252787828,0.5682136945034981,27.44345563830658,3.4888427380246325,13.84704585470884,0.48801956762392706,2.584161273741325,19.246108081592453,0.9403290619168131,0.2750278269365627,3.06148233588695,15.699857809134063,3.1379643960404637,粪便,家畜
2021-10-01,8.098694291539047,0.10138032828182963,5.803593108582952,5.321121204042231,2.5598402530342996,10.837562583920498,10.284350532973594,5.899194379454592,1.342406903261855,9.201600309899863,5.603289285228658,17.084022393436527,10.348011999494602,19.48157722931798,2.5734425902791007,7.160590559176264,9.172279350171545,3.986879960612283,6.326788919190731,0.4900771161217211,24.830898954192854,3.3526894811641177,13.116090167279744,0.46962743216039815,2.486491190912994,15.948634941795632,0.8583621232578037,0.2687355568187343,2.3372848779120066,15.671910139440987,2.949204534140742,粪便,家畜
2021-11-01,5.924048598326607,0.09004640518333566,5.1103717195071,3.7266009717435833,2.308632262494261,9.081475976419675,7.150073339057564,5.060250096581787,1.234221409064509,7.754426902668252,5.197088977767712,12.10549878004934,7.099710155669361,12.57531864391241,2.321253211330999,5.302833724081241,6.365557220907075,3.638503133459319,5.65655507066566,0.42571791234240375,19.273510626870635,3.002883958987233,9.295750849381541,0.3327438266809551,2.236806511747046,13.916962778773025,0.6411068393877225,0.25036475147714643,2.025326340815759,11.241144644558371,2.157650252946085,粪便,家畜
2021-12-01,5.896241067635053,0.08961837418618808,4.17901687633512,3.6890976464438303,2.2970640919840775,7.627457511332928,7.1876581654656,5.053158957379348,1.190667898621128,7.706930828871022,5.17409529321961,12.104625341118481,7.092302794495701,12.588218791364982,2.3092715782640947,5.257028009832409,6.324967264640275,3.6179830618539035,5.619461113303146,0.42307112436264693,18.84667351527142,2.9947361836441373,9.238864869549623,0.3286497373023617,2.229550830871585,13.750176382429201,0.638280837744122,0.24913929559381623,2.012378799866238,11.247873793550037,2.136943068249311,粪便,家畜
2022-01-01,5.874542303768876,0.113933271927353,3.957458512420228,3.9379598843861334,2.402691627522297,7.433469313805771,7.013210264265676,5.170790085444851,1.1622035181267292,8.117913695952076,5.368357673212879,12.227777114203143,7.01968031090507,13.178958087890972,2.3736034535508845,5.841893067018677,6.502262649081744,3.889274014455303,5.6815102392268555,0.4659775852707857,23.229664803933034,3.002457904862699,8.8320940693721,0.35443107873859536,2.3628284644187905,14.736110943463562,0.6075575996897712,0.2625191317734248,2.032027942211041,11.720929774154104,2.297955801814032,粪便,家畜
2022-02-01,5.914709084538233,0.11412606928709158,3.9879850096228013,3.9738392953434793,2.4060715951432683,7.616992175979007,7.184940569890375,5.2121744106760355,1.180048855049767,8.139894528010807,5.368370282741471,12.341948869892505,7.098990804702997,13.375929341524284,2.3747623890861105,5.875217694073393,6.564678564042732,3.8901787072068617,5.685751398879119,0.46738146469569214,23.322345257999583,3.0145332238838245,8.881039189310858,0.356679456994543,2.369104417753118,14.796591034533892,0.6089348117980695,0.2629569749745599,2.0341709237391608,11.906745967203303,2.3163266892965493,粪便,家畜
2022-03-01,6.075703602186568,0.11529340766603217,4.109958729683402,4.148275263515783,2.427555456997639,9.820928286896555,9.269871085233039,5.368721428161302,1.23997956745326,8.267434204868135,5.374409613012817,12.778749958966927,7.363915495139104,14.000145176606713,2.3841618612704654,6.008700228647186,6.822096517594919,3.9002552117198825,5.717975788276203,0.4754973561455542,23.671741397112534,3.058346499393657,9.115427554722034,0.3653669085658797,2.395977426305747,14.978511456112418,0.6165727634461268,0.2636553112733516,2.0518431702717113,12.376341561543446,2.3886979709600205,粪便,家畜
2022-04-01,7.494305738578402,0.11822521214146162,4.2423161118812125,5.144306944811468,2.4701684407351374,10.474706269787482,9.755333200144003,5.548925075363687,1.321260273405124,8.573549775215506,5.430571399175791,15.83978078081246,7.625150295340888,14.586977533513332,2.4272956238504175,7.40731912533982,8.458171719900982,3.962686814815988,5.837788372494958,0.4893005935768953,24.64628467705681,3.130639750127939,11.40413322026606,0.45001020965688976,2.446460572741729,15.360191129978253,0.6376782847578536,0.26579784257829603,2.091262141991957,15.84174596570657,2.9469357663918854,粪便,家畜
2022-05-01,7.307778007485134,0.1414205394913497,4.9340126698566475,4.906103423997147,2.4308253875553554,9.509807752776874,8.943978037685028,5.292657444184455,1.2793481476697002,8.364727948157798,5.422300675173221,15.325279833871964,8.754230423873137,16.513066726309354,3.0130921962347603,7.245431646246539,8.116396198448639,4.79769775349073,7.027119336412424,0.4757301115580384,23.666937124722487,3.054160964581145,11.060105283699516,0.43952334177800445,2.9222141296404995,14.996995811885336,0.756819335536283,0.2634775844621974,2.6796749994195106,14.76030993251895,2.856136456467559,粪便,家畜
2022-06-01,8.178228301437622,0.14809005377028647,5.1991434691879475,5.251486596324409,2.5266723687710226,11.360774710804206,10.585881216406817,6.786038890238982,1.3764980926645576,10.817039206905648,6.798686789257094,17.680944556875854,9.524942108419541,18.140560229018728,3.1197114645991277,7.709272474076555,8.700095926857927,4.952186146297509,7.285336581846584,0.6468451715942728,25.39423757384678,3.885988644780376,12.558536712069012,0.4672449778951288,3.043944032212232,15.637409546860162,0.8020628652802592,0.2671903102818936,2.799620164154786,15.745968802906518,3.195282315597898,粪便,家畜
2022-07-01,8.916132868872394,0.16049844113947526,5.586077883854424,5.793206524869069,3.304884793248274,11.628816080574788,11.186309337580983,7.185062889922726,1.3995441755434432,12.098691794827046,7.236016852739226,20.328815517830087,11.267498900309029,21.549756234059235,3.363981060285442,8.809686801076747,9.88046964560411,5.229394892320327,7.74973831159942,0.7037256085952622,29.282337206410755,4.150061703051355,14.41059707753231,0.522411305384774,3.2649400406697944,19.873229140823696,0.916644090339292,0.2765640888759709,2.9671951193484816,16.492711123538932,3.390199230049416,粪便,家畜
2022-08-01,9.12975731437091,0.1653765934972147,6.1930369910752106,6.060180855704734,3.520115370611379,12.040341202214334,11.544311754509625,7.4568972991389515,1.3923221168028341,13.336099334356108,7.857601343309976,20.428593810689456,11.773043009859723,22.9700199223486,3.6249922413729476,9.096197710026429,10.303578029020347,5.791625440821726,8.421166128904586,0.7711889882126456,34.210898179541296,4.338536897687297,15.025170339677251,0.5626465967307672,3.373462393360294,20.762346857816542,0.9480645530048945,0.28754634637672216,3.2605541558181828,16.795620472380097,3.59965877107355,粪便,家畜
2022-09-01,8.482813026675792,0.16084627311554456,6.056519917637467,5.831150440332415,3.4099862271738277,11.638565526397029,11.297143577295401,7.452026036863259,1.3922127671577824,12.210083975239625,6.158150622734487,18.579499793574684,11.264413009418782,21.52392341781074,2.791006024922253,8.834857894536116,9.806912509714113,5.386546746591619,8.020497498641209,0.7136527243711638,34.22925959119971,4.190338806793687,13.628524135747883,0.5422774793148326,2.7667323529109393,20.85920969156608,0.9114100699066667,0.2902952331869122,3.0977518727383044,16.986804654152863,3.469500279805081,粪便,家畜
2022-10-01,8.286988532625696,0.15511373785702576,5.619554070848426,5.855112638466909,2.694966272835866,11.815790139594323,11.151824400411762,7.319582756343652,1.3778043331266325,11.643156965963419,5.836267116783183,17.866130517934348,10.632635358179158,21.395157174577157,2.659349940001403,8.158471458807215,9.727207595582602,4.307552886592507,6.454272067320742,0.6058254862555902,30.96526078381308,4.061890684056411,12.909578102631302,0.5218570016032809,2.6619202135581617,17.20789528413119,0.8327163797250126,0.283779694508894,2.981723669439437,16.95657188843764,3.260800496162842,粪便,家畜
2022-11-01,6.060633196765754,0.11571639021479847,4.946556343049461,4.100930774576493,2.427944131332935,9.491476407365418,8.914815767279457,6.439495113922478,1.2020971108960259,8.302277209998827,5.412088470631439,12.730197910433418,8.80965430246817,16.621600745658128,2.3984435964873554,6.043606214319729,6.749867686481436,3.9325428373480875,5.7704566797241,0.47393381135083046,24.0221353072008,3.0469699628815627,9.157953011107308,0.3698001073884234,2.393977516785865,15.060782951149784,0.619528861342729,0.26475703805771467,2.054340343149301,14.692191188525499,2.385617582699063,粪便,家畜
2022-12-01,6.032165643830563,0.11516886204802658,4.042108146710151,4.05968906833879,2.4156477164925505,9.524669443558727,8.953801198940742,5.292405207926385,1.2236586709346422,8.251448043849361,5.388077090525351,12.66028931349758,7.2888461507077995,13.790723356933606,2.386047816435659,5.991451422723472,6.706806899982474,3.910454017244484,5.732611054816982,0.47095727919921815,23.488866179805466,3.0387022207277936,9.102001671999545,0.3652545090227291,2.3861912693189193,14.884519705985962,0.6167921149725655,0.26348809933503836,2.0413020181752883,12.171932701982904,2.3627227498470575,粪便,家畜
