date,Anhui,Beijing,Chongqing,Fujian,Gansu,Guangdong,Guangxi,Guizhou,Hainan,Hebei,Heilongjiang,Henan,Hubei,Hunan,InnerMongolia,Jiangsu,Jiangxi,Jilin,Liaoning,Ningxia,Qinghai,Shaanxi,Shandong,Shanghai,Shanxi,Sichuan,Tianjin,Tibet,Xinjiang,Yunnan,Zhejiang
2010-01-01,6.7293156757566575,19.061416953825454,5.296177917460017,7.86946081824327,3.395440064163116,32.90393502854512,5.3075566083015016,5.231462704191476,1.9111133389419215,11.055139235882962,8.961214860725088,14.972912148528163,13.434359039972605,15.214653149712342,6.999910136649823,27.062711440325668,8.106149381515618,6.78900546540045,15.869825047783277,1.9255558477633703,2.5009351097182435,6.123582269566581,26.68883346627288,9.792983680877128,5.156868542183477,13.480005643364002,4.221467547865178,0.6313458198497229,4.397357643803084,6.004632720572927,18.28372460225398
2010-02-01,6.078091578102787,17.216763700229443,4.783644570609049,7.107900093897146,3.066849090211847,29.719683251589142,4.793922097820711,4.725192119914882,1.7261668867862516,9.985287051765255,8.094000519364595,13.523920650283506,12.134259778039773,13.742267361030505,6.322499478264358,24.443739365455443,7.321683312336686,6.1320049364907305,14.334035527030057,1.7392117334636892,2.258909131358414,5.530977533802074,24.106043130827114,8.845275582727727,4.657816747778624,12.175488968199742,3.8129384303298384,0.5702478372836206,3.9718069040802053,5.423539231485224,16.514331898810045
2010-03-01,6.7293156757566575,19.061416953825454,5.296177917460017,7.86946081824327,3.395440064163116,32.90393502854512,5.3075566083015016,5.231462704191476,1.9111133389419215,11.055139235882962,8.961214860725088,14.972912148528163,13.434359039972605,15.214653149712342,6.999910136649823,27.062711440325668,8.106149381515618,6.78900546540045,15.869825047783277,1.9255558477633703,2.5009351097182435,6.123582269566581,26.68883346627288,9.792983680877128,5.156868542183477,13.480005643364002,4.221467547865178,0.6313458198497229,4.397357643803084,6.004632720572927,18.28372460225398
2010-04-01,6.5122409765387,18.446532535960117,5.125333468509695,7.615607243461227,3.2859097395126926,31.84251776955979,5.136345104807905,5.062705842765944,1.8494645215566985,10.698521841177058,8.672143413604923,14.48991498244661,13.00099261932833,14.723857886818399,6.77410658385467,26.189720748702257,7.844660691789307,6.570005289097211,15.357895207532206,1.86344114299681,2.4202597835983,5.926047357645077,25.827903354457625,9.477080981493994,4.990517944048526,13.045166751642583,4.085291175353398,0.6109798256610222,4.255507397228791,5.810934890877025,17.693927034439334
2010-05-01,6.7293156757566575,19.061416953825454,5.296177917460017,7.86946081824327,3.395440064163116,32.90393502854512,5.3075566083015016,5.231462704191476,1.9111133389419215,11.055139235882962,8.961214860725088,14.972912148528163,13.434359039972605,15.214653149712342,6.999910136649823,27.062711440325668,8.106149381515618,6.78900546540045,15.869825047783277,1.9255558477633703,2.5009351097182435,6.123582269566581,26.68883346627288,9.792983680877128,5.156868542183477,13.480005643364002,4.221467547865178,0.6313458198497229,4.397357643803084,6.004632720572927,18.28372460225398
2010-06-01,6.5122409765387,18.446532535960117,5.125333468509695,7.615607243461227,3.2859097395126926,31.84251776955979,5.136345104807905,5.062705842765944,1.8494645215566985,10.698521841177058,8.672143413604923,14.48991498244661,13.00099261932833,14.723857886818399,6.77410658385467,26.189720748702257,7.844660691789307,6.570005289097211,15.357895207532206,1.86344114299681,2.4202597835983,5.926047357645077,25.827903354457625,9.477080981493994,4.990517944048526,13.045166751642583,4.085291175353398,0.6109798256610222,4.255507397228791,5.810934890877025,17.693927034439334
2010-07-01,6.7293156757566575,19.061416953825454,5.296177917460017,7.86946081824327,3.395440064163116,32.90393502854512,5.3075566083015016,5.231462704191476,1.9111133389419215,11.055139235882962,8.961214860725088,14.972912148528163,13.434359039972605,15.214653149712342,6.999910136649823,27.062711440325668,8.106149381515618,6.78900546540045,15.869825047783277,1.9255558477633703,2.5009351097182435,6.123582269566581,26.68883346627288,9.792983680877128,5.156868542183477,13.480005643364002,4.221467547865178,0.6313458198497229,4.397357643803084,6.004632720572927,18.28372460225398
2010-08-01,6.7293156757566575,19.061416953825454,5.296177917460017,7.86946081824327,3.395440064163116,32.90393502854512,5.3075566083015016,5.231462704191476,1.9111133389419215,11.055139235882962,8.961214860725088,14.972912148528163,13.434359039972605,15.214653149712342,6.999910136649823,27.062711440325668,8.106149381515618,6.78900546540045,15.869825047783277,1.9255558477633703,2.5009351097182435,6.123582269566581,26.68883346627288,9.792983680877128,5.156868542183477,13.480005643364002,4.221467547865178,0.6313458198497229,4.397357643803084,6.004632720572927,18.28372460225398
2010-09-01,6.5122409765387,18.446532535960117,5.125333468509695,7.615607243461227,3.2859097395126926,31.84251776955979,5.136345104807905,5.062705842765944,1.8494645215566985,10.698521841177058,8.672143413604923,14.48991498244661,13.00099261932833,14.723857886818399,6.77410658385467,26.189720748702257,7.844660691789307,6.570005289097211,15.357895207532206,1.86344114299681,2.4202597835983,5.926047357645077,25.827903354457625,9.477080981493994,4.990517944048526,13.045166751642583,4.085291175353398,0.6109798256610222,4.255507397228791,5.810934890877025,17.693927034439334
2010-10-01,6.7293156757566575,19.061416953825454,5.296177917460017,7.86946081824327,3.395440064163116,32.90393502854512,5.3075566083015016,5.231462704191476,1.9111133389419215,11.055139235882962,8.961214860725088,14.972912148528163,13.434359039972605,15.214653149712342,6.999910136649823,27.062711440325668,8.106149381515618,6.78900546540045,15.869825047783277,1.9255558477633703,2.5009351097182435,6.123582269566581,26.68883346627288,9.792983680877128,5.156868542183477,13.480005643364002,4.221467547865178,0.6313458198497229,4.397357643803084,6.004632720572927,18.28372460225398
2010-11-01,6.5122409765387,18.446532535960117,5.125333468509695,7.615607243461227,3.2859097395126926,31.84251776955979,5.136345104807905,5.062705842765944,1.8494645215566985,10.698521841177058,8.672143413604923,14.48991498244661,13.00099261932833,14.723857886818399,6.77410658385467,26.189720748702257,7.844660691789307,6.570005289097211,15.357895207532206,1.86344114299681,2.4202597835983,5.926047357645077,25.827903354457625,9.477080981493994,4.990517944048526,13.045166751642583,4.085291175353398,0.6109798256610222,4.255507397228791,5.810934890877025,17.693927034439334
2010-12-01,6.7293156757566575,19.061416953825454,5.296177917460017,7.86946081824327,3.395440064163116,32.90393502854512,5.3075566083015016,5.231462704191476,1.9111133389419215,11.055139235882962,8.961214860725088,14.972912148528163,13.434359039972605,15.214653149712342,6.999910136649823,27.062711440325668,8.106149381515618,6.78900546540045,15.869825047783277,1.9255558477633703,2.5009351097182435,6.123582269566581,26.68883346627288,9.792983680877128,5.156868542183477,13.480005643364002,4.221467547865178,0.6313458198497229,4.397357643803084,6.004632720572927,18.28372460225398
2011-01-01,7.488099663164095,18.862136778721798,6.479707052376485,8.444488831682872,3.679640477447974,35.90964226963857,5.903885919051581,5.826567862429178,2.0858510299091018,11.612461575019102,9.341185084611904,16.265502266516144,14.344854124660396,16.245013281017705,7.669934138637463,26.79031612543745,8.76789124384374,6.644204162040609,17.67085699941737,2.2955561257906214,2.9137814225964958,8.424098907761445,27.643926989111808,10.523363638370423,6.062223621230634,14.812657083977905,4.537579759911103,0.6970682185520799,5.221232108388504,5.875271775149599,19.197067135074917
2011-02-01,6.76344485705144,17.036768703361624,5.852638627952955,7.6272802350684,3.323546237694944,32.43451559838323,5.332542120433686,5.262706456387644,1.8839944786275764,10.488674970984995,8.437199431262364,14.691421402014585,12.956642435177132,14.672915221564377,6.927682447801579,24.19770488749189,7.9193856396008,6.001216662488291,15.960774063989886,2.073405532972174,2.631802575248448,7.608863529590984,24.968708248230023,9.504973608850705,5.475556819176058,13.379174140367143,4.098459137984222,0.6296100038534915,4.715951581770261,5.306697087231896,17.3392864445838
2011-03-01,7.488099663164095,18.862136778721798,6.479707052376485,8.444488831682872,3.679640477447974,35.90964226963857,5.903885919051581,5.826567862429178,2.0858510299091018,11.612461575019102,9.341185084611904,16.265502266516144,14.344854124660396,16.245013281017705,7.669934138637463,26.79031612543745,8.76789124384374,6.644204162040609,17.67085699941737,2.2955561257906214,2.9137814225964958,8.424098907761445,27.643926989111808,10.523363638370423,6.062223621230634,14.812657083977905,4.537579759911103,0.6970682185520799,5.221232108388504,5.875271775149599,19.197067135074917
2011-04-01,7.246548061126543,18.25368075360174,6.2706842442353095,8.172085966144714,3.5609423975302965,34.75126671255345,5.713437986178949,5.638614060415332,2.0185655128152598,11.237866040341068,9.03985653349539,15.74080864501562,13.882116894832642,15.720980594533263,7.4225169083588325,25.926112379455603,8.485056042429427,6.4298749955231695,17.10082935427487,2.2215059281844725,2.8197884734804797,8.152353781704626,26.752187408817885,10.183900295197184,5.8666680205457755,14.334829436107649,4.39120621926881,0.6745821469858837,5.052805266182423,5.685746879177032,18.577806904911213
2011-05-01,7.488099663164095,18.862136778721798,6.479707052376485,8.444488831682872,3.679640477447974,35.90964226963857,5.903885919051581,5.826567862429178,2.0858510299091018,11.612461575019102,9.341185084611904,16.265502266516144,14.344854124660396,16.245013281017705,7.669934138637463,26.79031612543745,8.76789124384374,6.644204162040609,17.67085699941737,2.2955561257906214,2.9137814225964958,8.424098907761445,27.643926989111808,10.523363638370423,6.062223621230634,14.812657083977905,4.537579759911103,0.6970682185520799,5.221232108388504,5.875271775149599,19.197067135074917
2011-06-01,7.246548061126543,18.25368075360174,6.2706842442353095,8.172085966144714,3.5609423975302965,34.75126671255345,5.713437986178949,5.638614060415332,2.0185655128152598,11.237866040341068,9.03985653349539,15.74080864501562,13.882116894832642,15.720980594533263,7.4225169083588325,25.926112379455603,8.485056042429427,6.4298749955231695,17.10082935427487,2.2215059281844725,2.8197884734804797,8.152353781704626,26.752187408817885,10.183900295197184,5.8666680205457755,14.334829436107649,4.39120621926881,0.6745821469858837,5.052805266182423,5.685746879177032,18.577806904911213
2011-07-01,7.488099663164095,18.862136778721798,6.479707052376485,8.444488831682872,3.679640477447974,35.90964226963857,5.903885919051581,5.826567862429178,2.0858510299091018,11.612461575019102,9.341185084611904,16.265502266516144,14.344854124660396,16.245013281017705,7.669934138637463,26.79031612543745,8.76789124384374,6.644204162040609,17.67085699941737,2.2955561257906214,2.9137814225964958,8.424098907761445,27.643926989111808,10.523363638370423,6.062223621230634,14.812657083977905,4.537579759911103,0.6970682185520799,5.221232108388504,5.875271775149599,19.197067135074917
2011-08-01,7.488099663164095,18.862136778721798,6.479707052376485,8.444488831682872,3.679640477447974,35.90964226963857,5.903885919051581,5.826567862429178,2.0858510299091018,11.612461575019102,9.341185084611904,16.265502266516144,14.344854124660396,16.245013281017705,7.669934138637463,26.79031612543745,8.76789124384374,6.644204162040609,17.67085699941737,2.2955561257906214,2.9137814225964958,8.424098907761445,27.643926989111808,10.523363638370423,6.062223621230634,14.812657083977905,4.537579759911103,0.6970682185520799,5.221232108388504,5.875271775149599,19.197067135074917
2011-09-01,7.246548061126543,18.25368075360174,6.2706842442353095,8.172085966144714,3.5609423975302965,34.75126671255345,5.713437986178949,5.638614060415332,2.0185655128152598,11.237866040341068,9.03985653349539,15.74080864501562,13.882116894832642,15.720980594533263,7.4225169083588325,25.926112379455603,8.485056042429427,6.4298749955231695,17.10082935427487,2.2215059281844725,2.8197884734804797,8.152353781704626,26.752187408817885,10.183900295197184,5.8666680205457755,14.334829436107649,4.39120621926881,0.6745821469858837,5.052805266182423,5.685746879177032,18.577806904911213
2011-10-01,7.488099663164095,18.862136778721798,6.479707052376485,8.444488831682872,3.679640477447974,35.90964226963857,5.903885919051581,5.826567862429178,2.0858510299091018,11.612461575019102,9.341185084611904,16.265502266516144,14.344854124660396,16.245013281017705,7.669934138637463,26.79031612543745,8.76789124384374,6.644204162040609,17.67085699941737,2.2955561257906214,2.9137814225964958,8.424098907761445,27.643926989111808,10.523363638370423,6.062223621230634,14.812657083977905,4.537579759911103,0.6970682185520799,5.221232108388504,5.875271775149599,19.197067135074917
2011-11-01,7.246548061126543,18.25368075360174,6.2706842442353095,8.172085966144714,3.5609423975302965,34.75126671255345,5.713437986178949,5.638614060415332,2.0185655128152598,11.237866040341068,9.03985653349539,15.74080864501562,13.882116894832642,15.720980594533263,7.4225169083588325,25.926112379455603,8.485056042429427,6.4298749955231695,17.10082935427487,2.2215059281844725,2.8197884734804797,8.152353781704626,26.752187408817885,10.183900295197184,5.8666680205457755,14.334829436107649,4.39120621926881,0.6745821469858837,5.052805266182423,5.685746879177032,18.577806904911213
2011-12-01,7.488099663164095,18.862136778721798,6.479707052376485,8.444488831682872,3.679640477447974,35.90964226963857,5.903885919051581,5.826567862429178,2.0858510299091018,11.612461575019102,9.341185084611904,16.265502266516144,14.344854124660396,16.245013281017705,7.669934138637463,26.79031612543745,8.76789124384374,6.644204162040609,17.67085699941737,2.2955561257906214,2.9137814225964958,8.424098907761445,27.643926989111808,10.523363638370423,6.062223621230634,14.812657083977905,4.537579759911103,0.6970682185520799,5.221232108388504,5.875271775149599,19.197067135074917
2012-01-01,8.831110647340921,18.527002891328436,7.482676796357054,9.44116180733849,3.957890930900059,39.807579919234556,6.459018644069481,6.305281793932878,2.7086815769376864,11.832199090290015,10.038531350884943,17.71059748540788,14.243751268820768,15.4696567945114,8.615569730814437,26.99309677043766,9.494198135548,6.767626642093267,18.2768413731654,2.5402764001856957,3.0764130623997032,9.629245273403097,28.589634839557956,11.572407985103494,5.641621284974134,16.178695370260794,4.726068860737399,0.7709536779603594,6.079840343762868,5.3515393226211305,20.327643296195866
2012-02-01,7.976487036307929,16.73406712765149,6.758546783806372,8.527500987273477,3.574869227909731,35.955233475437666,5.8339523236756605,5.695093233229696,2.4465511017501687,10.68714756542324,9.067060574992851,15.996668696497442,12.865323726676824,13.972593233752232,7.781804918154974,24.380861599104982,8.575404767591742,6.112695031568112,16.50811478866552,2.2944432001677253,2.778695669264248,8.697382827589896,25.822895984116865,10.452497534932188,5.095657934815348,14.61301517313878,4.268707358085393,0.6963452575125827,5.491468697592268,4.833648420431988,18.360452009467238
2012-03-01,8.831110647340921,18.527002891328436,7.482676796357054,9.44116180733849,3.957890930900059,39.807579919234556,6.459018644069481,6.305281793932878,2.7086815769376864,11.832199090290015,10.038531350884943,17.71059748540788,14.243751268820768,15.4696567945114,8.615569730814437,26.99309677043766,9.494198135548,6.767626642093267,18.2768413731654,2.5402764001856957,3.0764130623997032,9.629245273403097,28.589634839557956,11.572407985103494,5.641621284974134,16.178695370260794,4.726068860737399,0.7709536779603594,6.079840343762868,5.3515393226211305,20.327643296195866
2012-04-01,8.546236110329922,17.929357636769453,7.241300125506824,9.136608200650151,3.8302170299032823,38.523464437968926,6.250663203938207,6.101885607031816,2.62130475187518,11.45051524866776,9.714707758920913,17.139287889104402,13.784275421439453,14.970635607591678,8.337648126594617,26.12235171332677,9.18793367956258,6.549316105251549,17.687265844998773,2.4583320001797055,2.977173931354551,9.318624458132032,27.667388554410927,11.199104501713059,5.459633501587872,15.656801971220123,4.573615026520064,0.7460842044777672,5.883716461706001,5.178909021891416,19.671912867286323
2012-05-01,8.831110647340921,18.527002891328436,7.482676796357054,9.44116180733849,3.957890930900059,39.807579919234556,6.459018644069481,6.305281793932878,2.7086815769376864,11.832199090290015,10.038531350884943,17.71059748540788,14.243751268820768,15.4696567945114,8.615569730814437,26.99309677043766,9.494198135548,6.767626642093267,18.2768413731654,2.5402764001856957,3.0764130623997032,9.629245273403097,28.589634839557956,11.572407985103494,5.641621284974134,16.178695370260794,4.726068860737399,0.7709536779603594,6.079840343762868,5.3515393226211305,20.327643296195866
2012-06-01,8.546236110329922,17.929357636769453,7.241300125506824,9.136608200650151,3.8302170299032823,38.523464437968926,6.250663203938207,6.101885607031816,2.62130475187518,11.45051524866776,9.714707758920913,17.139287889104402,13.784275421439453,14.970635607591678,8.337648126594617,26.12235171332677,9.18793367956258,6.549316105251549,17.687265844998773,2.4583320001797055,2.977173931354551,9.318624458132032,27.667388554410927,11.199104501713059,5.459633501587872,15.656801971220123,4.573615026520064,0.7460842044777672,5.883716461706001,5.178909021891416,19.671912867286323
2012-07-01,8.831110647340921,18.527002891328436,7.482676796357054,9.44116180733849,3.957890930900059,39.807579919234556,6.459018644069481,6.305281793932878,2.7086815769376864,11.832199090290015,10.038531350884943,17.71059748540788,14.243751268820768,15.4696567945114,8.615569730814437,26.99309677043766,9.494198135548,6.767626642093267,18.2768413731654,2.5402764001856957,3.0764130623997032,9.629245273403097,28.589634839557956,11.572407985103494,5.641621284974134,16.178695370260794,4.726068860737399,0.7709536779603594,6.079840343762868,5.3515393226211305,20.327643296195866
2012-08-01,8.831110647340921,18.527002891328436,7.482676796357054,9.44116180733849,3.957890930900059,39.807579919234556,6.459018644069481,6.305281793932878,2.7086815769376864,11.832199090290015,10.038531350884943,17.71059748540788,14.243751268820768,15.4696567945114,8.615569730814437,26.99309677043766,9.494198135548,6.767626642093267,18.2768413731654,2.5402764001856957,3.0764130623997032,9.629245273403097,28.589634839557956,11.572407985103494,5.641621284974134,16.178695370260794,4.726068860737399,0.7709536779603594,6.079840343762868,5.3515393226211305,20.327643296195866
2012-09-01,8.546236110329922,17.929357636769453,7.241300125506824,9.136608200650151,3.8302170299032823,38.523464437968926,6.250663203938207,6.101885607031816,2.62130475187518,11.45051524866776,9.714707758920913,17.139287889104402,13.784275421439453,14.970635607591678,8.337648126594617,26.12235171332677,9.18793367956258,6.549316105251549,17.687265844998773,2.4583320001797055,2.977173931354551,9.318624458132032,27.667388554410927,11.199104501713059,5.459633501587872,15.656801971220123,4.573615026520064,0.7460842044777672,5.883716461706001,5.178909021891416,19.671912867286323
2012-10-01,8.831110647340921,18.527002891328436,7.482676796357054,9.44116180733849,3.957890930900059,39.807579919234556,6.459018644069481,6.305281793932878,2.7086815769376864,11.832199090290015,10.038531350884943,17.71059748540788,14.243751268820768,15.4696567945114,8.615569730814437,26.99309677043766,9.494198135548,6.767626642093267,18.2768413731654,2.5402764001856957,3.0764130623997032,9.629245273403097,28.589634839557956,11.572407985103494,5.641621284974134,16.178695370260794,4.726068860737399,0.7709536779603594,6.079840343762868,5.3515393226211305,20.327643296195866
2012-11-01,8.546236110329922,17.929357636769453,7.241300125506824,9.136608200650151,3.8302170299032823,38.523464437968926,6.250663203938207,6.101885607031816,2.62130475187518,11.45051524866776,9.714707758920913,17.139287889104402,13.784275421439453,14.970635607591678,8.337648126594617,26.12235171332677,9.18793367956258,6.549316105251549,17.687265844998773,2.4583320001797055,2.977173931354551,9.318624458132032,27.667388554410927,11.199104501713059,5.459633501587872,15.656801971220123,4.573615026520064,0.7460842044777672,5.883716461706001,5.178909021891416,19.671912867286323
2012-12-01,8.831110647340921,18.527002891328436,7.482676796357054,9.44116180733849,3.957890930900059,39.807579919234556,6.459018644069481,6.305281793932878,2.7086815769376864,11.832199090290015,10.038531350884943,17.71059748540788,14.243751268820768,15.4696567945114,8.615569730814437,26.99309677043766,9.494198135548,6.767626642093267,18.2768413731654,2.5402764001856957,3.0764130623997032,9.629245273403097,28.589634839557956,11.572407985103494,5.641621284974134,16.178695370260794,4.726068860737399,0.7709536779603594,6.079840343762868,5.3515393226211305,20.327643296195866
2013-01-01,9.734552505269322,18.358050457345904,8.262471103921706,9.866468958336304,4.150567278892059,42.85120133371221,7.129991624874709,6.843520143016294,2.5346979367655593,11.856736536559518,10.45449323506533,19.147576688333224,14.147439429446205,17.07357206647285,8.997954369345111,26.141520510073764,10.230662554993646,6.802164350919472,20.729488677413475,2.7591556249815423,3.065565555827245,10.480374617604134,28.870662266763855,12.127995976275209,6.083733428611671,18.739951597912174,4.603190617226191,0.850886481476118,6.753549953274427,5.279381447115034,20.179177495490613
2013-02-01,8.792499037017453,16.581464929215656,7.462877126122831,8.911649381723112,3.7488994777089566,38.704310882062636,6.439992435370705,6.181244000143751,2.289404588046312,10.709310420118271,9.442768083284815,17.29458539591388,12.778332387886895,15.421290898749671,8.12718459166655,23.611695944582745,9.240598436768453,6.143890381475653,18.723409127986365,2.492140564499457,2.7688979213923504,9.466144815900508,26.076727208689935,10.954318946313093,5.494985032294411,16.926407894888413,4.157720557494623,0.7685426284300421,6.099980602957547,4.7684735651361585,18.226353866894748
2013-03-01,9.734552505269322,18.358050457345904,8.262471103921706,9.866468958336304,4.150567278892059,42.85120133371221,7.129991624874709,6.843520143016294,2.5346979367655593,11.856736536559518,10.45449323506533,19.147576688333224,14.147439429446205,17.07357206647285,8.997954369345111,26.141520510073764,10.230662554993646,6.802164350919472,20.729488677413475,2.7591556249815423,3.065565555827245,10.480374617604134,28.870662266763855,12.127995976275209,6.083733428611671,18.739951597912174,4.603190617226191,0.850886481476118,6.753549953274427,5.279381447115034,20.179177495490613
2013-04-01,9.4205346825187,17.76585528130249,7.995939777988748,9.548195766131908,4.016678011831026,41.468904516495684,6.89999189504004,6.622761428725447,2.452933487192477,11.474261164412436,10.117251517805157,18.529912924193443,13.691070415593101,16.522811677231786,8.707697776785588,25.298245654910087,9.900641182251915,6.582739694438199,20.060795494271105,2.6701506048208468,2.966676344348947,10.14229801703626,27.93935058073922,11.736770299621169,5.887483963172584,18.13543703023759,4.454700597315668,0.8234385304607593,6.5356935031688,5.109078819788742,19.528236285958656
2013-05-01,9.734552505269322,18.358050457345904,8.262471103921706,9.866468958336304,4.150567278892059,42.85120133371221,7.129991624874709,6.843520143016294,2.5346979367655593,11.856736536559518,10.45449323506533,19.147576688333224,14.147439429446205,17.07357206647285,8.997954369345111,26.141520510073764,10.230662554993646,6.802164350919472,20.729488677413475,2.7591556249815423,3.065565555827245,10.480374617604134,28.870662266763855,12.127995976275209,6.083733428611671,18.739951597912174,4.603190617226191,0.850886481476118,6.753549953274427,5.279381447115034,20.179177495490613
2013-06-01,9.4205346825187,17.76585528130249,7.995939777988748,9.548195766131908,4.016678011831026,41.468904516495684,6.89999189504004,6.622761428725447,2.452933487192477,11.474261164412436,10.117251517805157,18.529912924193443,13.691070415593101,16.522811677231786,8.707697776785588,25.298245654910087,9.900641182251915,6.582739694438199,20.060795494271105,2.6701506048208468,2.966676344348947,10.14229801703626,27.93935058073922,11.736770299621169,5.887483963172584,18.13543703023759,4.454700597315668,0.8234385304607593,6.5356935031688,5.109078819788742,19.528236285958656
2013-07-01,9.734552505269322,18.358050457345904,8.262471103921706,9.866468958336304,4.150567278892059,42.85120133371221,7.129991624874709,6.843520143016294,2.5346979367655593,11.856736536559518,10.45449323506533,19.147576688333224,14.147439429446205,17.07357206647285,8.997954369345111,26.141520510073764,10.230662554993646,6.802164350919472,20.729488677413475,2.7591556249815423,3.065565555827245,10.480374617604134,28.870662266763855,12.127995976275209,6.083733428611671,18.739951597912174,4.603190617226191,0.850886481476118,6.753549953274427,5.279381447115034,20.179177495490613
2013-08-01,9.734552505269322,18.358050457345904,8.262471103921706,9.866468958336304,4.150567278892059,42.85120133371221,7.129991624874709,6.843520143016294,2.5346979367655593,11.856736536559518,10.45449323506533,19.147576688333224,14.147439429446205,17.07357206647285,8.997954369345111,26.141520510073764,10.230662554993646,6.802164350919472,20.729488677413475,2.7591556249815423,3.065565555827245,10.480374617604134,28.870662266763855,12.127995976275209,6.083733428611671,18.739951597912174,4.603190617226191,0.850886481476118,6.753549953274427,5.279381447115034,20.179177495490613
2013-09-01,9.4205346825187,17.76585528130249,7.995939777988748,9.548195766131908,4.016678011831026,41.468904516495684,6.89999189504004,6.622761428725447,2.452933487192477,11.474261164412436,10.117251517805157,18.529912924193443,13.691070415593101,16.522811677231786,8.707697776785588,25.298245654910087,9.900641182251915,6.582739694438199,20.060795494271105,2.6701506048208468,2.966676344348947,10.14229801703626,27.93935058073922,11.736770299621169,5.887483963172584,18.13543703023759,4.454700597315668,0.8234385304607593,6.5356935031688,5.109078819788742,19.528236285958656
2013-10-01,9.734552505269322,18.358050457345904,8.262471103921706,9.866468958336304,4.150567278892059,42.85120133371221,7.129991624874709,6.843520143016294,2.5346979367655593,11.856736536559518,10.45449323506533,19.147576688333224,14.147439429446205,17.07357206647285,8.997954369345111,26.141520510073764,10.230662554993646,6.802164350919472,20.729488677413475,2.7591556249815423,3.065565555827245,10.480374617604134,28.870662266763855,12.127995976275209,6.083733428611671,18.739951597912174,4.603190617226191,0.850886481476118,6.753549953274427,5.279381447115034,20.179177495490613
2013-11-01,9.4205346825187,17.76585528130249,7.995939777988748,9.548195766131908,4.016678011831026,41.468904516495684,6.89999189504004,6.622761428725447,2.452933487192477,11.474261164412436,10.117251517805157,18.529912924193443,13.691070415593101,16.522811677231786,8.707697776785588,25.298245654910087,9.900641182251915,6.582739694438199,20.060795494271105,2.6701506048208468,2.966676344348947,10.14229801703626,27.93935058073922,11.736770299621169,5.887483963172584,18.13543703023759,4.454700597315668,0.8234385304607593,6.5356935031688,5.109078819788742,19.528236285958656
2013-12-01,9.734552505269322,18.358050457345904,8.262471103921706,9.866468958336304,4.150567278892059,42.85120133371221,7.129991624874709,6.843520143016294,2.5346979367655593,11.856736536559518,10.45449323506533,19.147576688333224,14.147439429446205,17.07357206647285,8.997954369345111,26.141520510073764,10.230662554993646,6.802164350919472,20.729488677413475,2.7591556249815423,3.065565555827245,10.480374617604134,28.870662266763855,12.127995976275209,6.083733428611671,18.739951597912174,4.603190617226191,0.850886481476118,6.753549953274427,5.279381447115034,20.179177495490613
2014-01-01,10.876794093770194,19.143974090014265,9.094178708562776,10.150965932191117,4.387392443871237,46.449407067857244,8.001379380533375,7.372420483648913,2.632187728174562,12.864746094779223,10.572223797544014,20.639361655901396,14.096037590091752,18.81204482011818,9.502794312046566,26.645283966661538,10.912319972788646,7.127536172419132,22.219542366724532,3.060064041467098,3.0632631852990713,11.689626597533904,27.593220852358993,13.044806186556887,6.536836441587386,19.70364477062973,4.843936207974423,0.9352992676934282,7.290010533845637,5.450766727765997,21.495989293639568
2014-02-01,9.824201116953724,17.291331436141913,8.214096898056699,9.16861439036617,3.9628060783353107,41.954303158064604,7.227052343707565,6.65896043684418,2.377459883512508,11.619770666252203,9.549105365523625,18.642004076298036,12.731904920082878,16.99152435365513,8.583169056042058,24.0667080989201,9.856289007680068,6.437774607346314,20.069264073170547,2.7639288116477014,2.7668183609152894,10.558372410675785,24.922909156969414,11.782405587857834,5.904239366595058,17.79684043798814,4.375168187847866,0.8447864353359997,6.5845256434734765,4.923273173466061,19.415732265222832
2014-03-01,10.876794093770194,19.143974090014265,9.094178708562776,10.150965932191117,4.387392443871237,46.449407067857244,8.001379380533375,7.372420483648913,2.632187728174562,12.864746094779223,10.572223797544014,20.639361655901396,14.096037590091752,18.81204482011818,9.502794312046566,26.645283966661538,10.912319972788646,7.127536172419132,22.219542366724532,3.060064041467098,3.0632631852990713,11.689626597533904,27.593220852358993,13.044806186556887,6.536836441587386,19.70364477062973,4.843936207974423,0.9352992676934282,7.290010533845637,5.450766727765997,21.495989293639568
2014-04-01,10.525929768164703,18.52642653872348,8.80081810506075,9.823515418249468,4.245863655359261,44.95103909792636,7.743270368258105,7.134600468047335,2.547278446620544,12.449754285270219,10.231184320203885,19.973575796033607,13.641326700088793,18.2052046646305,9.196252560045062,25.78575867741439,10.560309651085786,6.897615650728191,21.502782935539877,2.9613522981939653,2.9644482438378104,11.312541868581196,26.7031169538958,12.624005986990536,6.325970749923276,19.068043326415868,4.687680201265571,0.9051283235742853,7.054848903721582,5.274935542999351,20.80257028416732
2014-05-01,10.876794093770194,19.143974090014265,9.094178708562776,10.150965932191117,4.387392443871237,46.449407067857244,8.001379380533375,7.372420483648913,2.632187728174562,12.864746094779223,10.572223797544014,20.639361655901396,14.096037590091752,18.81204482011818,9.502794312046566,26.645283966661538,10.912319972788646,7.127536172419132,22.219542366724532,3.060064041467098,3.0632631852990713,11.689626597533904,27.593220852358993,13.044806186556887,6.536836441587386,19.70364477062973,4.843936207974423,0.9352992676934282,7.290010533845637,5.450766727765997,21.495989293639568
2014-06-01,10.525929768164703,18.52642653872348,8.80081810506075,9.823515418249468,4.245863655359261,44.95103909792636,7.743270368258105,7.134600468047335,2.547278446620544,12.449754285270219,10.231184320203885,19.973575796033607,13.641326700088793,18.2052046646305,9.196252560045062,25.78575867741439,10.560309651085786,6.897615650728191,21.502782935539877,2.9613522981939653,2.9644482438378104,11.312541868581196,26.7031169538958,12.624005986990536,6.325970749923276,19.068043326415868,4.687680201265571,0.9051283235742853,7.054848903721582,5.274935542999351,20.80257028416732
2014-07-01,10.876794093770194,19.143974090014265,9.094178708562776,10.150965932191117,4.387392443871237,46.449407067857244,8.001379380533375,7.372420483648913,2.632187728174562,12.864746094779223,10.572223797544014,20.639361655901396,14.096037590091752,18.81204482011818,9.502794312046566,26.645283966661538,10.912319972788646,7.127536172419132,22.219542366724532,3.060064041467098,3.0632631852990713,11.689626597533904,27.593220852358993,13.044806186556887,6.536836441587386,19.70364477062973,4.843936207974423,0.9352992676934282,7.290010533845637,5.450766727765997,21.495989293639568
2014-08-01,10.876794093770194,19.143974090014265,9.094178708562776,10.150965932191117,4.387392443871237,46.449407067857244,8.001379380533375,7.372420483648913,2.632187728174562,12.864746094779223,10.572223797544014,20.639361655901396,14.096037590091752,18.81204482011818,9.502794312046566,26.645283966661538,10.912319972788646,7.127536172419132,22.219542366724532,3.060064041467098,3.0632631852990713,11.689626597533904,27.593220852358993,13.044806186556887,6.536836441587386,19.70364477062973,4.843936207974423,0.9352992676934282,7.290010533845637,5.450766727765997,21.495989293639568
2014-09-01,10.525929768164703,18.52642653872348,8.80081810506075,9.823515418249468,4.245863655359261,44.95103909792636,7.743270368258105,7.134600468047335,2.547278446620544,12.449754285270219,10.231184320203885,19.973575796033607,13.641326700088793,18.2052046646305,9.196252560045062,25.78575867741439,10.560309651085786,6.897615650728191,21.502782935539877,2.9613522981939653,2.9644482438378104,11.312541868581196,26.7031169538958,12.624005986990536,6.325970749923276,19.068043326415868,4.687680201265571,0.9051283235742853,7.054848903721582,5.274935542999351,20.80257028416732
2014-10-01,10.876794093770194,19.143974090014265,9.094178708562776,10.150965932191117,4.387392443871237,46.449407067857244,8.001379380533375,7.372420483648913,2.632187728174562,12.864746094779223,10.572223797544014,20.639361655901396,14.096037590091752,18.81204482011818,9.502794312046566,26.645283966661538,10.912319972788646,7.127536172419132,22.219542366724532,3.060064041467098,3.0632631852990713,11.689626597533904,27.593220852358993,13.044806186556887,6.536836441587386,19.70364477062973,4.843936207974423,0.9352992676934282,7.290010533845637,5.450766727765997,21.495989293639568
2014-11-01,10.525929768164703,18.52642653872348,8.80081810506075,9.823515418249468,4.245863655359261,44.95103909792636,7.743270368258105,7.134600468047335,2.547278446620544,12.449754285270219,10.231184320203885,19.973575796033607,13.641326700088793,18.2052046646305,9.196252560045062,25.78575867741439,10.560309651085786,6.897615650728191,21.502782935539877,2.9613522981939653,2.9644482438378104,11.312541868581196,26.7031169538958,12.624005986990536,6.325970749923276,19.068043326415868,4.687680201265571,0.9051283235742853,7.054848903721582,5.274935542999351,20.80257028416732
2014-12-01,10.876794093770194,19.143974090014265,9.094178708562776,10.150965932191117,4.387392443871237,46.449407067857244,8.001379380533375,7.372420483648913,2.632187728174562,12.864746094779223,10.572223797544014,20.639361655901396,14.096037590091752,18.81204482011818,9.502794312046566,26.645283966661538,10.912319972788646,7.127536172419132,22.219542366724532,3.060064041467098,3.0632631852990713,11.689626597533904,27.593220852358993,13.044806186556887,6.536836441587386,19.70364477062973,4.843936207974423,0.9352992676934282,7.290010533845637,5.450766727765997,21.495989293639568
2015-01-01,11.755227610621668,19.381967379639345,9.901121929286141,9.866517876580899,4.902649049537127,48.71989456518898,9.007119032924328,6.951376267221729,2.9636048397423007,13.84518476485826,10.71527752898165,22.00947711844482,14.40457736463873,20.174621897260828,9.741117126411542,27.04689663925224,11.240720553013585,7.594512474514145,23.398783130010816,3.389191701063397,2.812991827913902,11.755754163289938,27.864404852428454,12.840606726729343,7.531828097752898,20.139926493250506,4.83452268227034,1.0230309067243875,7.9318380578574414,5.519414395936526,21.626146499854343
2015-02-01,10.617624938626024,17.506293117093602,8.942948839355223,8.911693565944036,4.428199141517405,44.00506605888036,8.135462352318749,6.278662434909949,2.6768043713801424,12.505328174710687,9.678315187467298,19.879527719885644,13.010586006770467,18.222239133009783,8.798428372242684,24.429455029002018,10.152908886592915,6.859559654399874,21.134384762590415,3.0612054074121002,2.5407668123093305,10.61810053458446,25.167849544128917,11.597967366078116,6.8029415076477795,18.190901348742393,4.366665648502243,0.9240279157510598,7.164240826451883,4.985277518910411,19.533293612771665
2015-03-01,11.755227610621668,19.381967379639345,9.901121929286141,9.866517876580899,4.902649049537127,48.71989456518898,9.007119032924328,6.951376267221729,2.9636048397423007,13.84518476485826,10.71527752898165,22.00947711844482,14.40457736463873,20.174621897260828,9.741117126411542,27.04689663925224,11.240720553013585,7.594512474514145,23.398783130010816,3.389191701063397,2.812991827913902,11.755754163289938,27.864404852428454,12.840606726729343,7.531828097752898,20.139926493250506,4.83452268227034,1.0230309067243875,7.9318380578574414,5.519414395936526,21.626146499854343
2015-04-01,11.376026719956458,18.75674262545743,9.581730899309168,9.548243106368611,4.74449908019722,47.14828506308611,8.716566806055802,6.727138323117803,2.868004683621581,13.398565901475736,10.369623415143534,21.299493985591763,13.939913578682642,19.52382764251048,9.42688754168859,26.174416102502164,10.878116664206697,7.349528201142722,22.64398367420402,3.279862936512965,2.7222501560457113,11.37653628705478,26.96555308299527,12.426393606512267,7.288865901051193,19.49025144508114,4.678570337680974,0.9900299097332782,7.675972314055588,5.3413687702611545,20.92852887082678
2015-05-01,11.755227610621668,19.381967379639345,9.901121929286141,9.866517876580899,4.902649049537127,48.71989456518898,9.007119032924328,6.951376267221729,2.9636048397423007,13.84518476485826,10.71527752898165,22.00947711844482,14.40457736463873,20.174621897260828,9.741117126411542,27.04689663925224,11.240720553013585,7.594512474514145,23.398783130010816,3.389191701063397,2.812991827913902,11.755754163289938,27.864404852428454,12.840606726729343,7.531828097752898,20.139926493250506,4.83452268227034,1.0230309067243875,7.9318380578574414,5.519414395936526,21.626146499854343
2015-06-01,11.376026719956458,18.75674262545743,9.581730899309168,9.548243106368611,4.74449908019722,47.14828506308611,8.716566806055802,6.727138323117803,2.868004683621581,13.398565901475736,10.369623415143534,21.299493985591763,13.939913578682642,19.52382764251048,9.42688754168859,26.174416102502164,10.878116664206697,7.349528201142722,22.64398367420402,3.279862936512965,2.7222501560457113,11.37653628705478,26.96555308299527,12.426393606512267,7.288865901051193,19.49025144508114,4.678570337680974,0.9900299097332782,7.675972314055588,5.3413687702611545,20.92852887082678
2015-07-01,11.755227610621668,19.381967379639345,9.901121929286141,9.866517876580899,4.902649049537127,48.71989456518898,9.007119032924328,6.951376267221729,2.9636048397423007,13.84518476485826,10.71527752898165,22.00947711844482,14.40457736463873,20.174621897260828,9.741117126411542,27.04689663925224,11.240720553013585,7.594512474514145,23.398783130010816,3.389191701063397,2.812991827913902,11.755754163289938,27.864404852428454,12.840606726729343,7.531828097752898,20.139926493250506,4.83452268227034,1.0230309067243875,7.9318380578574414,5.519414395936526,21.626146499854343
2015-08-01,11.755227610621668,19.381967379639345,9.901121929286141,9.866517876580899,4.902649049537127,48.71989456518898,9.007119032924328,6.951376267221729,2.9636048397423007,13.84518476485826,10.71527752898165,22.00947711844482,14.40457736463873,20.174621897260828,9.741117126411542,27.04689663925224,11.240720553013585,7.594512474514145,23.398783130010816,3.389191701063397,2.812991827913902,11.755754163289938,27.864404852428454,12.840606726729343,7.531828097752898,20.139926493250506,4.83452268227034,1.0230309067243875,7.9318380578574414,5.519414395936526,21.626146499854343
2015-09-01,11.376026719956458,18.75674262545743,9.581730899309168,9.548243106368611,4.74449908019722,47.14828506308611,8.716566806055802,6.727138323117803,2.868004683621581,13.398565901475736,10.369623415143534,21.299493985591763,13.939913578682642,19.52382764251048,9.42688754168859,26.174416102502164,10.878116664206697,7.349528201142722,22.64398367420402,3.279862936512965,2.7222501560457113,11.37653628705478,26.96555308299527,12.426393606512267,7.288865901051193,19.49025144508114,4.678570337680974,0.9900299097332782,7.675972314055588,5.3413687702611545,20.92852887082678
2015-10-01,11.755227610621668,19.381967379639345,9.901121929286141,9.866517876580899,4.902649049537127,48.71989456518898,9.007119032924328,6.951376267221729,2.9636048397423007,13.84518476485826,10.71527752898165,22.00947711844482,14.40457736463873,20.174621897260828,9.741117126411542,27.04689663925224,11.240720553013585,7.594512474514145,23.398783130010816,3.389191701063397,2.812991827913902,11.755754163289938,27.864404852428454,12.840606726729343,7.531828097752898,20.139926493250506,4.83452268227034,1.0230309067243875,7.9318380578574414,5.519414395936526,21.626146499854343
2015-11-01,11.376026719956458,18.75674262545743,9.581730899309168,9.548243106368611,4.74449908019722,47.14828506308611,8.716566806055802,6.727138323117803,2.868004683621581,13.398565901475736,10.369623415143534,21.299493985591763,13.939913578682642,19.52382764251048,9.42688754168859,26.174416102502164,10.878116664206697,7.349528201142722,22.64398367420402,3.279862936512965,2.7222501560457113,11.37653628705478,26.96555308299527,12.426393606512267,7.288865901051193,19.49025144508114,4.678570337680974,0.9900299097332782,7.675972314055588,5.3413687702611545,20.92852887082678
2015-12-01,11.755227610621668,19.381967379639345,9.901121929286141,9.866517876580899,4.902649049537127,48.71989456518898,9.007119032924328,6.951376267221729,2.9636048397423007,13.84518476485826,10.71527752898165,22.00947711844482,14.40457736463873,20.174621897260828,9.741117126411542,27.04689663925224,11.240720553013585,7.594512474514145,23.398783130010816,3.389191701063397,2.812991827913902,11.755754163289938,27.864404852428454,12.840606726729343,7.531828097752898,20.139926493250506,4.83452268227034,1.0230309067243875,7.9318380578574414,5.519414395936526,21.626146499854343
2016-01-01,12.143749193727578,18.766912775342995,10.947178109386888,10.450115047094483,4.845851904767526,52.58163014457728,10.267659745707277,7.242230699636371,3.1888214983432444,14.797614894700299,11.171575582919221,23.62587503173765,14.68305745521083,21.651728465636317,10.051306963887566,26.606372855872216,10.105588154908071,8.551820501786931,24.518398947526563,3.415876961431092,2.732146768791002,12.951922411322949,29.717114520808217,12.766078019598563,8.36755944842859,20.979022241695347,5.004908382045556,1.1132212123914593,8.2807876136391,6.030052921032904,22.821533203856575
2016-02-01,10.968547658850715,16.950759926116255,9.887773776220415,9.43881359092405,4.376898494628733,47.493085291876255,9.274015254187217,6.541369664187691,2.880225869471318,13.365587646826075,10.090455365217363,21.33950002866626,13.26211641115817,19.55639990444571,9.078599838350062,24.031562579497496,9.127628010884711,7.724224969355937,22.14565066228206,3.0853082232280826,2.467745468585422,11.69851056506589,26.841264728471934,11.530651114476122,7.557795630838727,18.948794282821606,4.520562409589535,1.0054901273213182,7.479421070383704,5.446499412545849,20.612997732515616
2016-03-01,12.143749193727578,18.766912775342995,10.947178109386888,10.450115047094483,4.845851904767526,52.58163014457728,10.267659745707277,7.242230699636371,3.1888214983432444,14.797614894700299,11.171575582919221,23.62587503173765,14.68305745521083,21.651728465636317,10.051306963887566,26.606372855872216,10.105588154908071,8.551820501786931,24.518398947526563,3.415876961431092,2.732146768791002,12.951922411322949,29.717114520808217,12.766078019598563,8.36755944842859,20.979022241695347,5.004908382045556,1.1132212123914593,8.2807876136391,6.030052921032904,22.821533203856575
2016-04-01,11.752015348768625,18.16152849226742,10.59404333166473,10.11301456170434,4.689534101387929,50.88544852701027,9.93644491520059,7.008610354486811,3.0859562887192693,14.320272478742222,10.811202177018604,22.86375003071385,14.20941044052661,20.953285611906118,9.727071255375066,25.748102763747312,9.779601440233618,8.275955324309933,23.727482852445064,3.3056873820300887,2.644013002055809,12.534118462570596,28.75849792336279,12.354269051224415,8.097638175898634,20.302279588737434,4.843459724560216,1.0773108507014122,8.01366543255397,5.8355350848705525,22.085354713409586
2016-05-01,12.143749193727578,18.766912775342995,10.947178109386888,10.450115047094483,4.845851904767526,52.58163014457728,10.267659745707277,7.242230699636371,3.1888214983432444,14.797614894700299,11.171575582919221,23.62587503173765,14.68305745521083,21.651728465636317,10.051306963887566,26.606372855872216,10.105588154908071,8.551820501786931,24.518398947526563,3.415876961431092,2.732146768791002,12.951922411322949,29.717114520808217,12.766078019598563,8.36755944842859,20.979022241695347,5.004908382045556,1.1132212123914593,8.2807876136391,6.030052921032904,22.821533203856575
2016-06-01,11.752015348768625,18.16152849226742,10.59404333166473,10.11301456170434,4.689534101387929,50.88544852701027,9.93644491520059,7.008610354486811,3.0859562887192693,14.320272478742222,10.811202177018604,22.86375003071385,14.20941044052661,20.953285611906118,9.727071255375066,25.748102763747312,9.779601440233618,8.275955324309933,23.727482852445064,3.3056873820300887,2.644013002055809,12.534118462570596,28.75849792336279,12.354269051224415,8.097638175898634,20.302279588737434,4.843459724560216,1.0773108507014122,8.01366543255397,5.8355350848705525,22.085354713409586
2016-07-01,12.143749193727578,18.766912775342995,10.947178109386888,10.450115047094483,4.845851904767526,52.58163014457728,10.267659745707277,7.242230699636371,3.1888214983432444,14.797614894700299,11.171575582919221,23.62587503173765,14.68305745521083,21.651728465636317,10.051306963887566,26.606372855872216,10.105588154908071,8.551820501786931,24.518398947526563,3.415876961431092,2.732146768791002,12.951922411322949,29.717114520808217,12.766078019598563,8.36755944842859,20.979022241695347,5.004908382045556,1.1132212123914593,8.2807876136391,6.030052921032904,22.821533203856575
2016-08-01,12.143749193727578,18.766912775342995,10.947178109386888,10.450115047094483,4.845851904767526,52.58163014457728,10.267659745707277,7.242230699636371,3.1888214983432444,14.797614894700299,11.171575582919221,23.62587503173765,14.68305745521083,21.651728465636317,10.051306963887566,26.606372855872216,10.105588154908071,8.551820501786931,24.518398947526563,3.415876961431092,2.732146768791002,12.951922411322949,29.717114520808217,12.766078019598563,8.36755944842859,20.979022241695347,5.004908382045556,1.1132212123914593,8.2807876136391,6.030052921032904,22.821533203856575
2016-09-01,11.752015348768625,18.16152849226742,10.59404333166473,10.11301456170434,4.689534101387929,50.88544852701027,9.93644491520059,7.008610354486811,3.0859562887192693,14.320272478742222,10.811202177018604,22.86375003071385,14.20941044052661,20.953285611906118,9.727071255375066,25.748102763747312,9.779601440233618,8.275955324309933,23.727482852445064,3.3056873820300887,2.644013002055809,12.534118462570596,28.75849792336279,12.354269051224415,8.097638175898634,20.302279588737434,4.843459724560216,1.0773108507014122,8.01366543255397,5.8355350848705525,22.085354713409586
2016-10-01,12.143749193727578,18.766912775342995,10.947178109386888,10.450115047094483,4.845851904767526,52.58163014457728,10.267659745707277,7.242230699636371,3.1888214983432444,14.797614894700299,11.171575582919221,23.62587503173765,14.68305745521083,21.651728465636317,10.051306963887566,26.606372855872216,10.105588154908071,8.551820501786931,24.518398947526563,3.415876961431092,2.732146768791002,12.951922411322949,29.717114520808217,12.766078019598563,8.36755944842859,20.979022241695347,5.004908382045556,1.1132212123914593,8.2807876136391,6.030052921032904,22.821533203856575
2016-11-01,11.752015348768625,18.16152849226742,10.59404333166473,10.11301456170434,4.689534101387929,50.88544852701027,9.93644491520059,7.008610354486811,3.0859562887192693,14.320272478742222,10.811202177018604,22.86375003071385,14.20941044052661,20.953285611906118,9.727071255375066,25.748102763747312,9.779601440233618,8.275955324309933,23.727482852445064,3.3056873820300887,2.644013002055809,12.534118462570596,28.75849792336279,12.354269051224415,8.097638175898634,20.302279588737434,4.843459724560216,1.0773108507014122,8.01366543255397,5.8355350848705525,22.085354713409586
2016-12-01,12.143749193727578,18.766912775342995,10.947178109386888,10.450115047094483,4.845851904767526,52.58163014457728,10.267659745707277,7.242230699636371,3.1888214983432444,14.797614894700299,11.171575582919221,23.62587503173765,14.68305745521083,21.651728465636317,10.051306963887566,26.606372855872216,10.105588154908071,8.551820501786931,24.518398947526563,3.415876961431092,2.732146768791002,12.951922411322949,29.717114520808217,12.766078019598563,8.36755944842859,20.979022241695347,5.004908382045556,1.1132212123914593,8.2807876136391,6.030052921032904,22.821533203856575
2017-01-01,12.219523531154902,19.500541155000906,11.792830744026785,10.859159250336026,5.403195268396958,56.91535420488396,11.038208678242793,7.649249071630239,3.2158852304389924,15.37462847363345,11.298003622614397,25.29673719655184,15.90263907296688,22.44355103719295,10.41809355986522,27.45860454577555,10.942004780422632,9.084858340209822,25.18098751234344,3.2877484924661555,3.2462906882796103,14.879266044684085,31.064549114585645,13.13759526413682,9.057852118312091,21.770081749156493,5.122103104493501,1.0994376629064258,8.71131276866115,6.122833338308415,23.892798103702933
2017-02-01,11.036988995881845,17.613392010968564,10.651589059120965,9.80827287127125,4.880305403713382,51.40741670118552,9.96999493518704,6.908999161472473,2.9046705307190894,13.886761201991504,10.204648433329133,22.848665854950045,14.36367400138944,20.271594485206535,9.409890957297618,24.80132023489405,9.883101091994634,8.205678500834678,22.744117753084396,2.969579283517818,2.9321335248977127,13.439337072617885,28.058302426077358,11.866215077284869,8.18128578428189,19.663299644399416,4.626415707284451,0.9930404697219329,7.8682825007262,5.530301079762439,21.58059183560265
2017-03-01,12.219523531154902,19.500541155000906,11.792830744026785,10.859159250336026,5.403195268396958,56.91535420488396,11.038208678242793,7.649249071630239,3.2158852304389924,15.37462847363345,11.298003622614397,25.29673719655184,15.90263907296688,22.44355103719295,10.41809355986522,27.45860454577555,10.942004780422632,9.084858340209822,25.18098751234344,3.2877484924661555,3.2462906882796103,14.879266044684085,31.064549114585645,13.13759526413682,9.057852118312091,21.770081749156493,5.122103104493501,1.0994376629064258,8.71131276866115,6.122833338308415,23.892798103702933
2017-04-01,11.82534535273055,18.87149144032346,11.412416849058179,10.508863790647766,5.228898646835766,55.07937503698449,10.682137430557543,7.402499101577651,3.1121469971990243,14.878672716419468,10.93355189285264,24.480713416017906,15.389650715774401,21.719565519864148,10.082026025676019,26.57284310881505,10.589036884279965,8.79179839375144,24.368697592590426,3.1816920894833762,3.141571633818978,14.39928972066202,30.062466885082877,12.713801868519504,8.765663340302025,21.067821047570803,4.956873972090484,1.063971931844928,8.430302679349499,5.925322585459756,23.122062681002838
2017-05-01,12.219523531154902,19.500541155000906,11.792830744026785,10.859159250336026,5.403195268396958,56.91535420488396,11.038208678242793,7.649249071630239,3.2158852304389924,15.37462847363345,11.298003622614397,25.29673719655184,15.90263907296688,22.44355103719295,10.41809355986522,27.45860454577555,10.942004780422632,9.084858340209822,25.18098751234344,3.2877484924661555,3.2462906882796103,14.879266044684085,31.064549114585645,13.13759526413682,9.057852118312091,21.770081749156493,5.122103104493501,1.0994376629064258,8.71131276866115,6.122833338308415,23.892798103702933
2017-06-01,11.82534535273055,18.87149144032346,11.412416849058179,10.508863790647766,5.228898646835766,55.07937503698449,10.682137430557543,7.402499101577651,3.1121469971990243,14.878672716419468,10.93355189285264,24.480713416017906,15.389650715774401,21.719565519864148,10.082026025676019,26.57284310881505,10.589036884279965,8.79179839375144,24.368697592590426,3.1816920894833762,3.141571633818978,14.39928972066202,30.062466885082877,12.713801868519504,8.765663340302025,21.067821047570803,4.956873972090484,1.063971931844928,8.430302679349499,5.925322585459756,23.122062681002838
2017-07-01,12.219523531154902,19.500541155000906,11.792830744026785,10.859159250336026,5.403195268396958,56.91535420488396,11.038208678242793,7.649249071630239,3.2158852304389924,15.37462847363345,11.298003622614397,25.29673719655184,15.90263907296688,22.44355103719295,10.41809355986522,27.45860454577555,10.942004780422632,9.084858340209822,25.18098751234344,3.2877484924661555,3.2462906882796103,14.879266044684085,31.064549114585645,13.13759526413682,9.057852118312091,21.770081749156493,5.122103104493501,1.0994376629064258,8.71131276866115,6.122833338308415,23.892798103702933
2017-08-01,12.219523531154902,19.500541155000906,11.792830744026785,10.859159250336026,5.403195268396958,56.91535420488396,11.038208678242793,7.649249071630239,3.2158852304389924,15.37462847363345,11.298003622614397,25.29673719655184,15.90263907296688,22.44355103719295,10.41809355986522,27.45860454577555,10.942004780422632,9.084858340209822,25.18098751234344,3.2877484924661555,3.2462906882796103,14.879266044684085,31.064549114585645,13.13759526413682,9.057852118312091,21.770081749156493,5.122103104493501,1.0994376629064258,8.71131276866115,6.122833338308415,23.892798103702933
2017-09-01,11.82534535273055,18.87149144032346,11.412416849058179,10.508863790647766,5.228898646835766,55.07937503698449,10.682137430557543,7.402499101577651,3.1121469971990243,14.878672716419468,10.93355189285264,24.480713416017906,15.389650715774401,21.719565519864148,10.082026025676019,26.57284310881505,10.589036884279965,8.79179839375144,24.368697592590426,3.1816920894833762,3.141571633818978,14.39928972066202,30.062466885082877,12.713801868519504,8.765663340302025,21.067821047570803,4.956873972090484,1.063971931844928,8.430302679349499,5.925322585459756,23.122062681002838
2017-10-01,12.219523531154902,19.500541155000906,11.792830744026785,10.859159250336026,5.403195268396958,56.91535420488396,11.038208678242793,7.649249071630239,3.2158852304389924,15.37462847363345,11.298003622614397,25.29673719655184,15.90263907296688,22.44355103719295,10.41809355986522,27.45860454577555,10.942004780422632,9.084858340209822,25.18098751234344,3.2877484924661555,3.2462906882796103,14.879266044684085,31.064549114585645,13.13759526413682,9.057852118312091,21.770081749156493,5.122103104493501,1.0994376629064258,8.71131276866115,6.122833338308415,23.892798103702933
2017-11-01,11.82534535273055,18.87149144032346,11.412416849058179,10.508863790647766,5.228898646835766,55.07937503698449,10.682137430557543,7.402499101577651,3.1121469971990243,14.878672716419468,10.93355189285264,24.480713416017906,15.389650715774401,21.719565519864148,10.082026025676019,26.57284310881505,10.589036884279965,8.79179839375144,24.368697592590426,3.1816920894833762,3.141571633818978,14.39928972066202,30.062466885082877,12.713801868519504,8.765663340302025,21.067821047570803,4.956873972090484,1.063971931844928,8.430302679349499,5.925322585459756,23.122062681002838
2017-12-01,12.219523531154902,19.500541155000906,11.792830744026785,10.859159250336026,5.403195268396958,56.91535420488396,11.038208678242793,7.649249071630239,3.2158852304389924,15.37462847363345,11.298003622614397,25.29673719655184,15.90263907296688,22.44355103719295,10.41809355986522,27.45860454577555,10.942004780422632,9.084858340209822,25.18098751234344,3.2877484924661555,3.2462906882796103,14.879266044684085,31.064549114585645,13.13759526413682,9.057852118312091,21.770081749156493,5.122103104493501,1.0994376629064258,8.71131276866115,6.122833338308415,23.892798103702933
2018-01-01,12.422520451753824,19.85222169355738,12.620395201261086,11.926785431029376,5.665168815125806,62.90504334590033,11.376901020578883,8.064170067096669,3.2093942462069576,15.977560480538255,11.772276609840064,27.370640028879762,17.133102789394524,24.387498327564753,10.71100250652379,27.058985243139297,11.998001858688358,8.672956918632192,25.467650672824064,3.2934708250822213,3.4786835628623027,14.903539597532607,31.99847888187169,13.513971702355587,9.750872791565879,22.33488981945456,5.513436469963961,1.295622645215098,9.097975871535265,6.447071020310167,25.274058364732788
2018-02-01,11.220341053197004,17.93103894901957,11.399066633397108,10.772580389316857,5.116926671726533,56.8174585059745,10.27591059923254,7.283766512216347,2.898807706251446,14.431344950163583,10.633024034694252,24.721868413181717,15.475060583969247,22.02741784425204,9.674453876860197,24.440373767996782,10.836904904621745,7.833638507151658,23.003039317389472,2.9747478420097484,3.142036766456273,13.461261571964936,28.90185189330346,12.206167989224404,8.80723994076918,20.17344886918476,4.9798781019029335,1.1702398085813788,8.217526593644756,5.823160921570473,22.82818174879091
2018-03-01,12.422520451753824,19.85222169355738,12.620395201261086,11.926785431029376,5.665168815125806,62.90504334590033,11.376901020578883,8.064170067096669,3.2093942462069576,15.977560480538255,11.772276609840064,27.370640028879762,17.133102789394524,24.387498327564753,10.71100250652379,27.058985243139297,11.998001858688358,8.672956918632192,25.467650672824064,3.2934708250822213,3.4786835628623027,14.903539597532607,31.99847888187169,13.513971702355587,9.750872791565879,22.33488981945456,5.513436469963961,1.295622645215098,9.097975871535265,6.447071020310167,25.274058364732788
2018-04-01,12.021793985568216,19.211827445378105,12.213285678639759,11.542050417125205,5.482421433992716,60.87584839925839,11.009904213463434,7.804035548803226,3.10586539955512,15.462155303746695,11.392525751458127,26.487716156980415,16.580422054252764,23.60080483312718,10.365486296635924,26.18611475142513,11.610969540666153,8.393184114805347,24.646113554345867,3.18722983072473,3.366467964060293,14.422780255676717,30.96626988568228,13.07803713131186,9.43632850796698,21.614409502697956,5.335583680610285,1.2538283663371916,8.804492778905095,6.2391009873969345,24.45876615941883
2018-05-01,12.422520451753824,19.85222169355738,12.620395201261086,11.926785431029376,5.665168815125806,62.90504334590033,11.376901020578883,8.064170067096669,3.2093942462069576,15.977560480538255,11.772276609840064,27.370640028879762,17.133102789394524,24.387498327564753,10.71100250652379,27.058985243139297,11.998001858688358,8.672956918632192,25.467650672824064,3.2934708250822213,3.4786835628623027,14.903539597532607,31.99847888187169,13.513971702355587,9.750872791565879,22.33488981945456,5.513436469963961,1.295622645215098,9.097975871535265,6.447071020310167,25.274058364732788
2018-06-01,12.021793985568216,19.211827445378105,12.213285678639759,11.542050417125205,5.482421433992716,60.87584839925839,11.009904213463434,7.804035548803226,3.10586539955512,15.462155303746695,11.392525751458127,26.487716156980415,16.580422054252764,23.60080483312718,10.365486296635924,26.18611475142513,11.610969540666153,8.393184114805347,24.646113554345867,3.18722983072473,3.366467964060293,14.422780255676717,30.96626988568228,13.07803713131186,9.43632850796698,21.614409502697956,5.335583680610285,1.2538283663371916,8.804492778905095,6.2391009873969345,24.45876615941883
2018-07-01,12.422520451753824,19.85222169355738,12.620395201261086,11.926785431029376,5.665168815125806,62.90504334590033,11.376901020578883,8.064170067096669,3.2093942462069576,15.977560480538255,11.772276609840064,27.370640028879762,17.133102789394524,24.387498327564753,10.71100250652379,27.058985243139297,11.998001858688358,8.672956918632192,25.467650672824064,3.2934708250822213,3.4786835628623027,14.903539597532607,31.99847888187169,13.513971702355587,9.750872791565879,22.33488981945456,5.513436469963961,1.295622645215098,9.097975871535265,6.447071020310167,25.274058364732788
2018-08-01,12.422520451753824,19.85222169355738,12.620395201261086,11.926785431029376,5.665168815125806,62.90504334590033,11.376901020578883,8.064170067096669,3.2093942462069576,15.977560480538255,11.772276609840064,27.370640028879762,17.133102789394524,24.387498327564753,10.71100250652379,27.058985243139297,11.998001858688358,8.672956918632192,25.467650672824064,3.2934708250822213,3.4786835628623027,14.903539597532607,31.99847888187169,13.513971702355587,9.750872791565879,22.33488981945456,5.513436469963961,1.295622645215098,9.097975871535265,6.447071020310167,25.274058364732788
2018-09-01,12.021793985568216,19.211827445378105,12.213285678639759,11.542050417125205,5.482421433992716,60.87584839925839,11.009904213463434,7.804035548803226,3.10586539955512,15.462155303746695,11.392525751458127,26.487716156980415,16.580422054252764,23.60080483312718,10.365486296635924,26.18611475142513,11.610969540666153,8.393184114805347,24.646113554345867,3.18722983072473,3.366467964060293,14.422780255676717,30.96626988568228,13.07803713131186,9.43632850796698,21.614409502697956,5.335583680610285,1.2538283663371916,8.804492778905095,6.2391009873969345,24.45876615941883
2018-10-01,12.422520451753824,19.85222169355738,12.620395201261086,11.926785431029376,5.665168815125806,62.90504334590033,11.376901020578883,8.064170067096669,3.2093942462069576,15.977560480538255,11.772276609840064,27.370640028879762,17.133102789394524,24.387498327564753,10.71100250652379,27.058985243139297,11.998001858688358,8.672956918632192,25.467650672824064,3.2934708250822213,3.4786835628623027,14.903539597532607,31.99847888187169,13.513971702355587,9.750872791565879,22.33488981945456,5.513436469963961,1.295622645215098,9.097975871535265,6.447071020310167,25.274058364732788
2018-11-01,12.021793985568216,19.211827445378105,12.213285678639759,11.542050417125205,5.482421433992716,60.87584839925839,11.009904213463434,7.804035548803226,3.10586539955512,15.462155303746695,11.392525751458127,26.487716156980415,16.580422054252764,23.60080483312718,10.365486296635924,26.18611475142513,11.610969540666153,8.393184114805347,24.646113554345867,3.18722983072473,3.366467964060293,14.422780255676717,30.96626988568228,13.07803713131186,9.43632850796698,21.614409502697956,5.335583680610285,1.2538283663371916,8.804492778905095,6.2391009873969345,24.45876615941883
2018-12-01,12.422520451753824,19.85222169355738,12.620395201261086,11.926785431029376,5.665168815125806,62.90504334590033,11.376901020578883,8.064170067096669,3.2093942462069576,15.977560480538255,11.772276609840064,27.370640028879762,17.133102789394524,24.387498327564753,10.71100250652379,27.058985243139297,11.998001858688358,8.672956918632192,25.467650672824064,3.2934708250822213,3.4786835628623027,14.903539597532607,31.99847888187169,13.513971702355587,9.750872791565879,22.33488981945456,5.513436469963961,1.295622645215098,9.097975871535265,6.447071020310167,25.274058364732788
2019-01-01,11.775170355573943,19.98810706686335,13.044752844371398,12.50001773189771,5.895146584728615,69.37104871552802,11.904496285713602,7.931419178810999,3.4522869869429877,16.362780941896318,12.27193307992954,29.13113976416529,18.29733978470696,23.981436217832403,10.539946739937987,26.402581821005903,12.599227342303305,9.350274319651769,26.111171395132025,3.1647545443207874,3.391730033183941,15.389476529119722,31.213031219466053,14.31294216915845,10.29406881255227,22.63037576041242,6.006030781202173,1.200876065156566,9.564686458912949,6.679508981085024,25.17355322445907
2019-02-01,10.635637740518398,18.053774124908834,11.782357407819328,11.290338596552768,5.324648528141976,62.657721420476925,10.752448258063898,7.163862484087354,3.118194697883989,14.779286012035383,11.084326652839582,26.311997206342845,16.526629482961123,21.66065206771959,9.519951894137536,23.847493257682757,11.379947276919115,8.445409062911274,23.584283840764407,2.8584879755155495,3.0634980944887213,13.900172348882329,28.192415295001595,12.927818733433439,9.297868604885922,20.44033939650154,5.424801995924544,1.0846622523994789,8.63907164030847,6.033104886141311,22.737402912414648
2019-03-01,11.775170355573943,19.98810706686335,13.044752844371398,12.50001773189771,5.895146584728615,69.37104871552802,11.904496285713602,7.931419178810999,3.4522869869429877,16.362780941896318,12.27193307992954,29.13113976416529,18.29733978470696,23.981436217832403,10.539946739937987,26.402581821005903,12.599227342303305,9.350274319651769,26.111171395132025,3.1647545443207874,3.391730033183941,15.389476529119722,31.213031219466053,14.31294216915845,10.29406881255227,22.63037576041242,6.006030781202173,1.200876065156566,9.564686458912949,6.679508981085024,25.17355322445907
2019-04-01,11.395326150555427,19.343329419545178,12.62395436552071,12.096791353449397,5.7049805658664035,67.13327295051099,11.520480276497034,7.675566947236452,3.340922890589988,15.834949298609342,11.876064270899551,28.191425578224468,17.707103017458348,23.20784150112813,10.199948458004503,25.550885633231523,12.192800653841909,9.048652567404938,25.26887554367615,3.0626656880523746,3.2823193869522007,14.893041802373926,30.206159244644567,13.851234357250114,9.962002076663488,21.900363639108793,5.812287852776297,1.1621381275708702,9.25614818604479,6.46404094943712,24.36150312044426
2019-05-01,11.775170355573943,19.98810706686335,13.044752844371398,12.50001773189771,5.895146584728615,69.37104871552802,11.904496285713602,7.931419178810999,3.4522869869429877,16.362780941896318,12.27193307992954,29.13113976416529,18.29733978470696,23.981436217832403,10.539946739937987,26.402581821005903,12.599227342303305,9.350274319651769,26.111171395132025,3.1647545443207874,3.391730033183941,15.389476529119722,31.213031219466053,14.31294216915845,10.29406881255227,22.63037576041242,6.006030781202173,1.200876065156566,9.564686458912949,6.679508981085024,25.17355322445907
2019-06-01,11.395326150555427,19.343329419545178,12.62395436552071,12.096791353449397,5.7049805658664035,67.13327295051099,11.520480276497034,7.675566947236452,3.340922890589988,15.834949298609342,11.876064270899551,28.191425578224468,17.707103017458348,23.20784150112813,10.199948458004503,25.550885633231523,12.192800653841909,9.048652567404938,25.26887554367615,3.0626656880523746,3.2823193869522007,14.893041802373926,30.206159244644567,13.851234357250114,9.962002076663488,21.900363639108793,5.812287852776297,1.1621381275708702,9.25614818604479,6.46404094943712,24.36150312044426
2019-07-01,11.775170355573943,19.98810706686335,13.044752844371398,12.50001773189771,5.895146584728615,69.37104871552802,11.904496285713602,7.931419178810999,3.4522869869429877,16.362780941896318,12.27193307992954,29.13113976416529,18.29733978470696,23.981436217832403,10.539946739937987,26.402581821005903,12.599227342303305,9.350274319651769,26.111171395132025,3.1647545443207874,3.391730033183941,15.389476529119722,31.213031219466053,14.31294216915845,10.29406881255227,22.63037576041242,6.006030781202173,1.200876065156566,9.564686458912949,6.679508981085024,25.17355322445907
2019-08-01,11.775170355573943,19.98810706686335,13.044752844371398,12.50001773189771,5.895146584728615,69.37104871552802,11.904496285713602,7.931419178810999,3.4522869869429877,16.362780941896318,12.27193307992954,29.13113976416529,18.29733978470696,23.981436217832403,10.539946739937987,26.402581821005903,12.599227342303305,9.350274319651769,26.111171395132025,3.1647545443207874,3.391730033183941,15.389476529119722,31.213031219466053,14.31294216915845,10.29406881255227,22.63037576041242,6.006030781202173,1.200876065156566,9.564686458912949,6.679508981085024,25.17355322445907
2019-09-01,11.395326150555427,19.343329419545178,12.62395436552071,12.096791353449397,5.7049805658664035,67.13327295051099,11.520480276497034,7.675566947236452,3.340922890589988,15.834949298609342,11.876064270899551,28.191425578224468,17.707103017458348,23.20784150112813,10.199948458004503,25.550885633231523,12.192800653841909,9.048652567404938,25.26887554367615,3.0626656880523746,3.2823193869522007,14.893041802373926,30.206159244644567,13.851234357250114,9.962002076663488,21.900363639108793,5.812287852776297,1.1621381275708702,9.25614818604479,6.46404094943712,24.36150312044426
2019-10-01,11.775170355573943,19.98810706686335,13.044752844371398,12.50001773189771,5.895146584728615,69.37104871552802,11.904496285713602,7.931419178810999,3.4522869869429877,16.362780941896318,12.27193307992954,29.13113976416529,18.29733978470696,23.981436217832403,10.539946739937987,26.402581821005903,12.599227342303305,9.350274319651769,26.111171395132025,3.1647545443207874,3.391730033183941,15.389476529119722,31.213031219466053,14.31294216915845,10.29406881255227,22.63037576041242,6.006030781202173,1.200876065156566,9.564686458912949,6.679508981085024,25.17355322445907
2019-11-01,11.395326150555427,19.343329419545178,12.62395436552071,12.096791353449397,5.7049805658664035,67.13327295051099,11.520480276497034,7.675566947236452,3.340922890589988,15.834949298609342,11.876064270899551,28.191425578224468,17.707103017458348,23.20784150112813,10.199948458004503,25.550885633231523,12.192800653841909,9.048652567404938,25.26887554367615,3.0626656880523746,3.2823193869522007,14.893041802373926,30.206159244644567,13.851234357250114,9.962002076663488,21.900363639108793,5.812287852776297,1.1621381275708702,9.25614818604479,6.46404094943712,24.36150312044426
2019-12-01,11.775170355573943,19.98810706686335,13.044752844371398,12.50001773189771,5.895146584728615,69.37104871552802,11.904496285713602,7.931419178810999,3.4522869869429877,16.362780941896318,12.27193307992954,29.13113976416529,18.29733978470696,23.981436217832403,10.539946739937987,26.402581821005903,12.599227342303305,9.350274319651769,26.111171395132025,3.1647545443207874,3.391730033183941,15.389476529119722,31.213031219466053,14.31294216915845,10.29406881255227,22.63037576041242,6.006030781202173,1.200876065156566,9.564686458912949,6.679508981085024,25.17355322445907
2020-01-01,11.264178329135135,18.13523523115887,12.970400222320137,13.246795585909659,5.829094404982208,71.27890435576019,11.861489659404679,7.809421447991894,3.7693024254634144,16.71376727354877,12.629262513489401,30.827357526530918,18.9964952278467,22.901526880064132,10.687261370018021,26.47831096667111,13.3212041379534,9.623975523960306,27.91882992915703,3.0956960419465425,3.888336450611416,17.321043896602205,29.481933734439494,14.218286684377208,11.13200877383639,22.38958727675803,5.591089514122092,1.2146363518512375,10.07015784982434,7.613152064616354,23.330182234550804
2020-02-01,10.174096555347864,16.380212466853173,11.715200200805286,11.964847625982918,5.26498849482264,64.38094586971889,10.713603563333256,7.053670985283001,3.4045312229992137,15.096305924495663,11.407075818635589,27.844064862673083,17.15812472192605,20.685250085219216,9.653010269693697,23.915893776348103,12.032055350409523,8.692623053899629,25.217007677948295,2.7961125540162324,3.5120458263586993,15.644813842092317,26.62884337304213,12.842323456856835,10.054717602174804,20.222853024168543,5.050016335336083,1.0970908984462788,9.095626445002631,6.876395413201868,21.07242266346524
2020-03-01,11.264178329135135,18.13523523115887,12.970400222320137,13.246795585909659,5.829094404982208,71.27890435576019,11.861489659404679,7.809421447991894,3.7693024254634144,16.71376727354877,12.629262513489401,30.827357526530918,18.9964952278467,22.901526880064132,10.687261370018021,26.47831096667111,13.3212041379534,9.623975523960306,27.91882992915703,3.0956960419465425,3.888336450611416,17.321043896602205,29.481933734439494,14.218286684377208,11.13200877383639,22.38958727675803,5.591089514122092,1.2146363518512375,10.07015784982434,7.613152064616354,23.330182234550804
2020-04-01,10.90081773787271,17.550227643056967,12.55200021514852,12.819479599267412,5.641059101595685,68.97958486041308,11.478860960714204,7.557504627088932,3.6477120246420136,16.17461349053107,12.221866948538127,29.832926638578304,18.383705059206484,22.162767948449158,10.342511003243246,25.624171903230106,12.891487875438777,9.313524700606749,27.018222512087455,2.9958348793031058,3.762906242527177,16.76230054509891,28.530903613973706,13.75963227520375,10.772911716615862,21.667342525894867,5.410731787860089,1.1754545340495846,9.745314048217104,7.367566514144857,22.57759571085561
2020-05-01,11.264178329135135,18.13523523115887,12.970400222320137,13.246795585909659,5.829094404982208,71.27890435576019,11.861489659404679,7.809421447991894,3.7693024254634144,16.71376727354877,12.629262513489401,30.827357526530918,18.9964952278467,22.901526880064132,10.687261370018021,26.47831096667111,13.3212041379534,9.623975523960306,27.91882992915703,3.0956960419465425,3.888336450611416,17.321043896602205,29.481933734439494,14.218286684377208,11.13200877383639,22.38958727675803,5.591089514122092,1.2146363518512375,10.07015784982434,7.613152064616354,23.330182234550804
2020-06-01,10.90081773787271,17.550227643056967,12.55200021514852,12.819479599267412,5.641059101595685,68.97958486041308,11.478860960714204,7.557504627088932,3.6477120246420136,16.17461349053107,12.221866948538127,29.832926638578304,18.383705059206484,22.162767948449158,10.342511003243246,25.624171903230106,12.891487875438777,9.313524700606749,27.018222512087455,2.9958348793031058,3.762906242527177,16.76230054509891,28.530903613973706,13.75963227520375,10.772911716615862,21.667342525894867,5.410731787860089,1.1754545340495846,9.745314048217104,7.367566514144857,22.57759571085561
2020-07-01,11.264178329135135,18.13523523115887,12.970400222320137,13.246795585909659,5.829094404982208,71.27890435576019,11.861489659404679,7.809421447991894,3.7693024254634144,16.71376727354877,12.629262513489401,30.827357526530918,18.9964952278467,22.901526880064132,10.687261370018021,26.47831096667111,13.3212041379534,9.623975523960306,27.91882992915703,3.0956960419465425,3.888336450611416,17.321043896602205,29.481933734439494,14.218286684377208,11.13200877383639,22.38958727675803,5.591089514122092,1.2146363518512375,10.07015784982434,7.613152064616354,23.330182234550804
2020-08-01,11.264178329135135,18.13523523115887,12.970400222320137,13.246795585909659,5.829094404982208,71.27890435576019,11.861489659404679,7.809421447991894,3.7693024254634144,16.71376727354877,12.629262513489401,30.827357526530918,18.9964952278467,22.901526880064132,10.687261370018021,26.47831096667111,13.3212041379534,9.623975523960306,27.91882992915703,3.0956960419465425,3.888336450611416,17.321043896602205,29.481933734439494,14.218286684377208,11.13200877383639,22.38958727675803,5.591089514122092,1.2146363518512375,10.07015784982434,7.613152064616354,23.330182234550804
2020-09-01,10.90081773787271,17.550227643056967,12.55200021514852,12.819479599267412,5.641059101595685,68.97958486041308,11.478860960714204,7.557504627088932,3.6477120246420136,16.17461349053107,12.221866948538127,29.832926638578304,18.383705059206484,22.162767948449158,10.342511003243246,25.624171903230106,12.891487875438777,9.313524700606749,27.018222512087455,2.9958348793031058,3.762906242527177,16.76230054509891,28.530903613973706,13.75963227520375,10.772911716615862,21.667342525894867,5.410731787860089,1.1754545340495846,9.745314048217104,7.367566514144857,22.57759571085561
2020-10-01,11.264178329135135,18.13523523115887,12.970400222320137,13.246795585909659,5.829094404982208,71.27890435576019,11.861489659404679,7.809421447991894,3.7693024254634144,16.71376727354877,12.629262513489401,30.827357526530918,18.9964952278467,22.901526880064132,10.687261370018021,26.47831096667111,13.3212041379534,9.623975523960306,27.91882992915703,3.0956960419465425,3.888336450611416,17.321043896602205,29.481933734439494,14.218286684377208,11.13200877383639,22.38958727675803,5.591089514122092,1.2146363518512375,10.07015784982434,7.613152064616354,23.330182234550804
2020-11-01,10.90081773787271,17.550227643056967,12.55200021514852,12.819479599267412,5.641059101595685,68.97958486041308,11.478860960714204,7.557504627088932,3.6477120246420136,16.17461349053107,12.221866948538127,29.832926638578304,18.383705059206484,22.162767948449158,10.342511003243246,25.624171903230106,12.891487875438777,9.313524700606749,27.018222512087455,2.9958348793031058,3.762906242527177,16.76230054509891,28.530903613973706,13.75963227520375,10.772911716615862,21.667342525894867,5.410731787860089,1.1754545340495846,9.745314048217104,7.367566514144857,22.57759571085561
2020-12-01,11.264178329135135,18.13523523115887,12.970400222320137,13.246795585909659,5.829094404982208,71.27890435576019,11.861489659404679,7.809421447991894,3.7693024254634144,16.71376727354877,12.629262513489401,30.827357526530918,18.9964952278467,22.901526880064132,10.687261370018021,26.47831096667111,13.3212041379534,9.623975523960306,27.91882992915703,3.0956960419465425,3.888336450611416,17.321043896602205,29.481933734439494,14.218286684377208,11.13200877383639,22.38958727675803,5.591089514122092,1.2146363518512375,10.07015784982434,7.613152064616354,23.330182234550804
2021-01-01,10.403689677740706,15.801938557511384,12.578753974094557,12.622963092234729,5.887145641776776,67.06986908283346,11.744218774859508,7.388378338549257,3.9675885040029497,16.456312999611107,12.899242862942767,30.578431720230515,19.450937529176663,21.633205936943195,10.776098904309382,25.428504498907436,12.465348969966648,9.233769390606263,26.794673631307372,2.8398627397115246,4.169567271702654,15.93847124738289,26.580854652777756,12.621746790477035,11.245998707148638,21.938538396196208,5.404563711713988,1.2952380235720105,10.199718922595071,8.041563820401613,22.588385568943067
2021-02-01,9.39688099924967,14.272718697107052,11.361455202407985,11.401386018792659,5.317421869991926,60.57923659094635,10.607681474066652,6.6733739832057815,3.5836283261962123,14.863766580293905,11.650929037496695,27.619228650530783,17.56858873603053,19.539669878529335,9.733250623247184,22.967681482884142,11.259024876098906,8.34017880441856,24.201640699245377,2.5650373132878284,3.7660607615378816,14.396038546023252,24.0085138799283,11.400287423656676,10.157676251618126,19.815454035273994,4.881541417031988,1.1698924083876223,9.21264934944071,7.263347966814361,20.402412771948573
2021-03-01,10.403689677740706,15.801938557511384,12.578753974094557,12.622963092234729,5.887145641776776,67.06986908283346,11.744218774859508,7.388378338549257,3.9675885040029497,16.456312999611107,12.899242862942767,30.578431720230515,19.450937529176663,21.633205936943195,10.776098904309382,25.428504498907436,12.465348969966648,9.233769390606263,26.794673631307372,2.8398627397115246,4.169567271702654,15.93847124738289,26.580854652777756,12.621746790477035,11.245998707148638,21.938538396196208,5.404563711713988,1.2952380235720105,10.199718922595071,8.041563820401613,22.588385568943067
2021-04-01,10.068086784910362,15.292198604043271,12.1729877168657,12.215770734420705,5.697237717848492,64.9063249188711,11.365373007928557,7.150043553434766,3.8396017780673692,15.925464193172036,12.483138254460743,29.59203069699727,18.823487931461283,20.935360584138575,10.428482810621983,24.608230160233006,12.063240938677403,8.935905861877027,25.93032932062004,2.7482542642369587,4.035065101647731,15.424327013596344,25.723407728494617,12.214593668203582,10.883224555305135,21.230843609222138,5.230222946819988,1.2534561518438812,9.870695731543618,7.782158535872529,21.8597279699449
2021-05-01,10.403689677740706,15.801938557511384,12.578753974094557,12.622963092234729,5.887145641776776,67.06986908283346,11.744218774859508,7.388378338549257,3.9675885040029497,16.456312999611107,12.899242862942767,30.578431720230515,19.450937529176663,21.633205936943195,10.776098904309382,25.428504498907436,12.465348969966648,9.233769390606263,26.794673631307372,2.8398627397115246,4.169567271702654,15.93847124738289,26.580854652777756,12.621746790477035,11.245998707148638,21.938538396196208,5.404563711713988,1.2952380235720105,10.199718922595071,8.041563820401613,22.588385568943067
2021-06-01,10.068086784910362,15.292198604043271,12.1729877168657,12.215770734420705,5.697237717848492,64.9063249188711,11.365373007928557,7.150043553434766,3.8396017780673692,15.925464193172036,12.483138254460743,29.59203069699727,18.823487931461283,20.935360584138575,10.428482810621983,24.608230160233006,12.063240938677403,8.935905861877027,25.93032932062004,2.7482542642369587,4.035065101647731,15.424327013596344,25.723407728494617,12.214593668203582,10.883224555305135,21.230843609222138,5.230222946819988,1.2534561518438812,9.870695731543618,7.782158535872529,21.8597279699449
2021-07-01,10.403689677740706,15.801938557511384,12.578753974094557,12.622963092234729,5.887145641776776,67.06986908283346,11.744218774859508,7.388378338549257,3.9675885040029497,16.456312999611107,12.899242862942767,30.578431720230515,19.450937529176663,21.633205936943195,10.776098904309382,25.428504498907436,12.465348969966648,9.233769390606263,26.794673631307372,2.8398627397115246,4.169567271702654,15.93847124738289,26.580854652777756,12.621746790477035,11.245998707148638,21.938538396196208,5.404563711713988,1.2952380235720105,10.199718922595071,8.041563820401613,22.588385568943067
2021-08-01,10.403689677740706,15.801938557511384,12.578753974094557,12.622963092234729,5.887145641776776,67.06986908283346,11.744218774859508,7.388378338549257,3.9675885040029497,16.456312999611107,12.899242862942767,30.578431720230515,19.450937529176663,21.633205936943195,10.776098904309382,25.428504498907436,12.465348969966648,9.233769390606263,26.794673631307372,2.8398627397115246,4.169567271702654,15.93847124738289,26.580854652777756,12.621746790477035,11.245998707148638,21.938538396196208,5.404563711713988,1.2952380235720105,10.199718922595071,8.041563820401613,22.588385568943067
2021-09-01,10.068086784910362,15.292198604043271,12.1729877168657,12.215770734420705,5.697237717848492,64.9063249188711,11.365373007928557,7.150043553434766,3.8396017780673692,15.925464193172036,12.483138254460743,29.59203069699727,18.823487931461283,20.935360584138575,10.428482810621983,24.608230160233006,12.063240938677403,8.935905861877027,25.93032932062004,2.7482542642369587,4.035065101647731,15.424327013596344,25.723407728494617,12.214593668203582,10.883224555305135,21.230843609222138,5.230222946819988,1.2534561518438812,9.870695731543618,7.782158535872529,21.8597279699449
2021-10-01,10.403689677740706,15.801938557511384,12.578753974094557,12.622963092234729,5.887145641776776,67.06986908283346,11.744218774859508,7.388378338549257,3.9675885040029497,16.456312999611107,12.899242862942767,30.578431720230515,19.450937529176663,21.633205936943195,10.776098904309382,25.428504498907436,12.465348969966648,9.233769390606263,26.794673631307372,2.8398627397115246,4.169567271702654,15.93847124738289,26.580854652777756,12.621746790477035,11.245998707148638,21.938538396196208,5.404563711713988,1.2952380235720105,10.199718922595071,8.041563820401613,22.588385568943067
2021-11-01,10.068086784910362,15.292198604043271,12.1729877168657,12.215770734420705,5.697237717848492,64.9063249188711,11.365373007928557,7.150043553434766,3.8396017780673692,15.925464193172036,12.483138254460743,29.59203069699727,18.823487931461283,20.935360584138575,10.428482810621983,24.608230160233006,12.063240938677403,8.935905861877027,25.93032932062004,2.7482542642369587,4.035065101647731,15.424327013596344,25.723407728494617,12.214593668203582,10.883224555305135,21.230843609222138,5.230222946819988,1.2534561518438812,9.870695731543618,7.782158535872529,21.8597279699449
2021-12-01,10.403689677740706,15.801938557511384,12.578753974094557,12.622963092234729,5.887145641776776,67.06986908283346,11.744218774859508,7.388378338549257,3.9675885040029497,16.456312999611107,12.899242862942767,30.578431720230515,19.450937529176663,21.633205936943195,10.776098904309382,25.428504498907436,12.465348969966648,9.233769390606263,26.794673631307372,2.8398627397115246,4.169567271702654,15.93847124738289,26.580854652777756,12.621746790477035,11.245998707148638,21.938538396196208,5.404563711713988,1.2952380235720105,10.199718922595071,8.041563820401613,22.588385568943067
2022-01-01,13.035504680967613,18.23064486721395,14.775373571386005,13.556719805139885,6.444134677086969,75.78987663911742,13.579227945686734,8.41900299936693,4.068299413905021,17.83799434757919,13.23242072421896,33.11687003331762,19.330508032018678,25.431688213904664,11.690748901628977,26.259481377162654,13.540810541491886,10.01959164033752,29.685969947164676,3.490706006418593,3.919225305108928,18.394445900893253,30.342762402600265,14.600493236790479,11.978837204395802,24.850791029171813,5.8752451370781555,1.4146499321960144,11.167945398323843,7.467362041589904,25.477920680088044
2022-02-01,11.774004227970746,16.466388912322273,13.34549870963897,12.244779178836026,5.820508740594681,68.45537244823508,12.265109112233178,7.604260773621744,3.674593019010987,16.11173683007153,11.951863879939708,29.912011642996553,17.459813706339446,22.970557096430014,10.55938610469714,23.718241243888855,12.230409521347509,9.049953739659694,26.813134145826165,3.1528957477329227,3.5399454368725807,16.61433823306487,27.40636604105831,13.187542278391398,10.819594894292983,22.445875768284214,5.306673027038332,1.2777483258544649,10.087176488808632,6.744714102081204,23.012315452982747
2022-03-01,13.035504680967613,18.23064486721395,14.775373571386005,13.556719805139885,6.444134677086969,75.78987663911742,13.579227945686734,8.41900299936693,4.068299413905021,17.83799434757919,13.23242072421896,33.11687003331762,19.330508032018678,25.431688213904664,11.690748901628977,26.259481377162654,13.540810541491886,10.01959164033752,29.685969947164676,3.490706006418593,3.919225305108928,18.394445900893253,30.342762402600265,14.600493236790479,11.978837204395802,24.850791029171813,5.8752451370781555,1.4146499321960144,11.167945398323843,7.467362041589904,25.477920680088044
2022-04-01,12.615004529968658,17.642559548916722,14.298748617470327,13.119406263038599,6.236259364922872,73.34504190882332,13.141188334535551,8.147422257451868,3.9370639489403416,17.262575175076634,12.805568442792543,32.04858390321059,18.706943256792265,24.611311174746447,11.313627969318365,25.412401332738057,13.104010201443764,9.696379006778242,28.72835801338517,3.3781025868567025,3.79279868236348,17.801076678283792,29.363963615419625,14.129509583990785,11.592423101028196,24.049152608875946,5.685721100398215,1.369016063415498,10.807689095152107,7.226479395087005,24.65605227105294
2022-05-01,13.035504680967613,18.23064486721395,14.775373571386005,13.556719805139885,6.444134677086969,75.78987663911742,13.579227945686734,8.41900299936693,4.068299413905021,17.83799434757919,13.23242072421896,33.11687003331762,19.330508032018678,25.431688213904664,11.690748901628977,26.259481377162654,13.540810541491886,10.01959164033752,29.685969947164676,3.490706006418593,3.919225305108928,18.394445900893253,30.342762402600265,14.600493236790479,11.978837204395802,24.850791029171813,5.8752451370781555,1.4146499321960144,11.167945398323843,7.467362041589904,25.477920680088044
2022-06-01,12.615004529968658,17.642559548916722,14.298748617470327,13.119406263038599,6.236259364922872,73.34504190882332,13.141188334535551,8.147422257451868,3.9370639489403416,17.262575175076634,12.805568442792543,32.04858390321059,18.706943256792265,24.611311174746447,11.313627969318365,25.412401332738057,13.104010201443764,9.696379006778242,28.72835801338517,3.3781025868567025,3.79279868236348,17.801076678283792,29.363963615419625,14.129509583990785,11.592423101028196,24.049152608875946,5.685721100398215,1.369016063415498,10.807689095152107,7.226479395087005,24.65605227105294
2022-07-01,13.035504680967613,18.23064486721395,14.775373571386005,13.556719805139885,6.444134677086969,75.78987663911742,13.579227945686734,8.41900299936693,4.068299413905021,17.83799434757919,13.23242072421896,33.11687003331762,19.330508032018678,25.431688213904664,11.690748901628977,26.259481377162654,13.540810541491886,10.01959164033752,29.685969947164676,3.490706006418593,3.919225305108928,18.394445900893253,30.342762402600265,14.600493236790479,11.978837204395802,24.850791029171813,5.8752451370781555,1.4146499321960144,11.167945398323843,7.467362041589904,25.477920680088044
2022-08-01,13.035504680967613,18.23064486721395,14.775373571386005,13.556719805139885,6.444134677086969,75.78987663911742,13.579227945686734,8.41900299936693,4.068299413905021,17.83799434757919,13.23242072421896,33.11687003331762,19.330508032018678,25.431688213904664,11.690748901628977,26.259481377162654,13.540810541491886,10.01959164033752,29.685969947164676,3.490706006418593,3.919225305108928,18.394445900893253,30.342762402600265,14.600493236790479,11.978837204395802,24.850791029171813,5.8752451370781555,1.4146499321960144,11.167945398323843,7.467362041589904,25.477920680088044
2022-09-01,12.615004529968658,17.642559548916722,14.298748617470327,13.119406263038599,6.236259364922872,73.34504190882332,13.141188334535551,8.147422257451868,3.9370639489403416,17.262575175076634,12.805568442792543,32.04858390321059,18.706943256792265,24.611311174746447,11.313627969318365,25.412401332738057,13.104010201443764,9.696379006778242,28.72835801338517,3.3781025868567025,3.79279868236348,17.801076678283792,29.363963615419625,14.129509583990785,11.592423101028196,24.049152608875946,5.685721100398215,1.369016063415498,10.807689095152107,7.226479395087005,24.65605227105294
2022-10-01,13.035504680967613,18.23064486721395,14.775373571386005,13.556719805139885,6.444134677086969,75.78987663911742,13.579227945686734,8.41900299936693,4.068299413905021,17.83799434757919,13.23242072421896,33.11687003331762,19.330508032018678,25.431688213904664,11.690748901628977,26.259481377162654,13.540810541491886,10.01959164033752,29.685969947164676,3.490706006418593,3.919225305108928,18.394445900893253,30.342762402600265,14.600493236790479,11.978837204395802,24.850791029171813,5.8752451370781555,1.4146499321960144,11.167945398323843,7.467362041589904,25.477920680088044
2022-11-01,12.615004529968658,17.642559548916722,14.298748617470327,13.119406263038599,6.236259364922872,73.34504190882332,13.141188334535551,8.147422257451868,3.9370639489403416,17.262575175076634,12.805568442792543,32.04858390321059,18.706943256792265,24.611311174746447,11.313627969318365,25.412401332738057,13.104010201443764,9.696379006778242,28.72835801338517,3.3781025868567025,3.79279868236348,17.801076678283792,29.363963615419625,14.129509583990785,11.592423101028196,24.049152608875946,5.685721100398215,1.369016063415498,10.807689095152107,7.226479395087005,24.65605227105294
2022-12-01,13.035504680967613,18.23064486721395,14.775373571386005,13.556719805139885,6.444134677086969,75.78987663911742,13.579227945686734,8.41900299936693,4.068299413905021,17.83799434757919,13.23242072421896,33.11687003331762,19.330508032018678,25.431688213904664,11.690748901628977,26.259481377162654,13.540810541491886,10.01959164033752,29.685969947164676,3.490706006418593,3.919225305108928,18.394445900893253,30.342762402600265,14.600493236790479,11.978837204395802,24.850791029171813,5.8752451370781555,1.4146499321960144,11.167945398323843,7.467362041589904,25.477920680088044
